[Licensing::Module] Trying to connect to existing licensing client channel...
Built from '6000.3/staging' branch; Version is '6000.3.24f1 (4e7b9b5b6244) revision 5143451'; Using compiler version '194234433'; Build Type 'Release'
[Licensing::IpcConnector] Successfully connected to: "LicenseClient-Cris" at "2026-10-01T12:24:17.0527871Z"
OS: 'Windows 11  (10.0.26200) Professional' Language: 'en' Physical Memory: 15613 MB
BatchMode: 1, IsHumanControllingUs: 0, StartBugReporterOnCrash: 0, Is64bit: 1
System  architecture: x64
Process architecture: x64
Date: 2026-10-01T12:24:17Z
[Licensing::Client] Code 10 while verifying Licensing Client signature (process Id: 4464, path: "C:/Program Files/Unity Hub/UnityLicensingClient_V1/Unity.Licensing.Client.exe")
[Licensing::Module] LicensingClient has failed validation; ignoring
[Licensing::Client] Handshaking with LicensingClient:
  Version:                 1.18.3+d7ffd15
  Session Id:              b07d9b6e144c45f6a8770727dce6e60f
  Correlation Id:          2ce5e5b299837e21d76ed4b4e57b21c5
  External correlation Id: 6546122123967265228
  Machine Id:              Vg0nxvzkrvQRtWxCYeWvpJI29p0=
[Licensing::Module] Successfully connected to LicensingClient on channel: "LicenseClient-Cris" (connect: 0.00s, validation: 0.00s, handshake: 0.11s)
[Licensing::IpcConnector] Successfully connected to: "LicenseClient-Cris-notifications" at "2026-10-01T12:24:17.1718909Z"
[Licensing::Module] Licensing Background thread has ended after 0.12s

COMMAND LINE ARGUMENTS:
C:\Program Files\Unity\Hub\Editor\6000.3.24f1\Editor\Unity.exe
-adb2
-batchMode
-noUpm
-name
AssetImportWorker4
-projectPath
C:/Users/Cris/Desktop/Facultate/An3/Sem1/IMR/IMR Lab 1
-logFile
Logs/AssetImportWorker4.log
-srvPort
55859
-parentPid
14732
-analyticsCloudUserId
7972619350026
-analyticsCloudProjectId
77b1c7ec-7c4b-47ca-9c2e-080d0bb80021
-analyticsLocalProjectId
2c3e6cfd7e34a6749acde2959a4420df
-editorAnalyticsEnabled
1
-cbmEditorLicense
a442f9a0b96fad8356fbdf1e9ae47d8fd4105f57
-cbmMachineId
Vg0nxvzkrvQRtWxCYeWvpJI29p0=
-job-worker-count
7
-background-job-worker-count
8
-gc-helper-count
1
-name
AssetImport
Successfully changed project path to: C:/Users/Cris/Desktop/Facultate/An3/Sem1/IMR/IMR Lab 1
C:/Users/Cris/Desktop/Facultate/An3/Sem1/IMR/IMR Lab 1
[UnityMemory] Configuration Parameters - Can be set up in boot.config
    "memorysetup-temp-allocator-size-nav-mesh-worker=65536"
    "memorysetup-temp-allocator-size-audio-worker=65536"
    "memorysetup-temp-allocator-size-gfx=262144"
    "memorysetup-allocator-temp-initial-block-size-main=262144"
    "memorysetup-allocator-temp-initial-block-size-worker=262144"
    "memorysetup-temp-allocator-size-background-worker=32768"
    "memorysetup-temp-allocator-size-job-worker=262144"
    "memorysetup-temp-allocator-size-preload-manager=33554432"
    "memorysetup-remapper-allocator-initial-capacity=32768"
    "memorysetup-temp-allocator-size-gi-baking-worker=262144"
    "memorysetup-temp-allocator-size-gi-baking-worker=262144"
    "memorysetup-temp-allocator-size-gi-baking-worker=262144"
    "memorysetup-temp-allocator-size-gi-baking-worker=262144"
    "memorysetup-temp-allocator-size-gi-baking-worker=262144"
    "memorysetup-bucket-allocator-granularity=16"
    "memorysetup-bucket-allocator-bucket-count=8"
    "memorysetup-bucket-allocator-block-size=33554432"
    "memorysetup-bucket-allocator-block-count=8"
    "memorysetup-main-allocator-block-size=16777216"
    "memorysetup-thread-allocator-block-size=16777216"
    "memorysetup-gfx-main-allocator-block-size=16777216"
    "memorysetup-gfx-thread-allocator-block-size=16777216"
    "memorysetup-cache-allocator-block-size=4194304"
    "memorysetup-typetree-allocator-block-size=2097152"
    "memorysetup-profiler-bucket-allocator-granularity=16"
    "memorysetup-profiler-bucket-allocator-bucket-count=8"
    "memorysetup-profiler-bucket-allocator-block-size=33554432"
    "memorysetup-profiler-bucket-allocator-block-count=8"
    "memorysetup-profiler-allocator-block-size=16777216"
    "memorysetup-profiler-editor-allocator-block-size=1048576"
    "memorysetup-temp-allocator-size-main=16777216"
    "memorysetup-job-temp-allocator-block-size=2097152"
    "memorysetup-job-temp-allocator-block-size-background=1048576"
    "memorysetup-job-temp-allocator-reduction-small-platforms=262144"
    "memorysetup-temp-allocator-size-cloud-worker=32768"
Player connection [18800]  Target information:

Player connection [18800]  * "[IP] 25.11.237.132 [Port] 0 [Flags] 2 [Guid] 897255714 [EditorId] 897255714 [Version] 1048832 [Id] WindowsEditor(7,DESKTOP-UG1VT9L) [Debug] 1 [PackageName] WindowsEditor [ProjectName] Editor" 

Player connection [18800]  * "[IP] 192.168.56.1 [Port] 0 [Flags] 2 [Guid] 897255714 [EditorId] 897255714 [Version] 1048832 [Id] WindowsEditor(7,DESKTOP-UG1VT9L) [Debug] 1 [PackageName] WindowsEditor [ProjectName] Editor" 

Player connection [18800]  * "[IP] 172.30.72.231 [Port] 0 [Flags] 2 [Guid] 897255714 [EditorId] 897255714 [Version] 1048832 [Id] WindowsEditor(7,DESKTOP-UG1VT9L) [Debug] 1 [PackageName] WindowsEditor [ProjectName] Editor" 

Player connection [18800] Host joined multi-casting on [225.0.0.222:54997]...
Player connection [18800] Host joined alternative multi-casting on [225.0.0.222:34997]...
JobSystem: Creating JobQueue using job-worker-count value 7
Input System module state changed to: Initialized.
[Physics::Module] Initialized fallback backend.
[Physics::Module] Id: 0xdecafbad
Library Redirect Path: Library/
[Physics::Module] Selected backend.
[Physics::Module] Name: PhysX
[Physics::Module] Id: 0xf2b8ea05
[Physics::Module] SDK Version: 4.1.2
[Physics::Module] Integration Version: 1.0.0
[Physics::Module] Threading Mode: Multi-Threaded
Refreshing native plugins compatible for Editor in 511.71 ms, found 7 plugins.
Preloading 2 native plugins for Editor in 6.65 ms.
Initialize engine version: 6000.3.24f1 (4e7b9b5b6244)
[Subsystems] Discovering subsystems at path C:/Program Files/Unity/Hub/Editor/6000.3.24f1/Editor/Data/Resources/UnitySubsystems
[Subsystems] Discovering subsystems at path C:/Users/Cris/Desktop/Facultate/An3/Sem1/IMR/IMR Lab 1/Assets
GfxDevice: creating device client; kGfxThreadingModeNonThreaded
d3d12: failed to query info queue interface (0x80004002).
Direct3D:
    Version:         Direct3D 12 [level 12.2]
    Renderer:        NVIDIA GeForce RTX 3050 Ti Laptop GPU (ID=0x25a0)
    Vendor:          NVIDIA
    VRAM:            3962 MB
    App VRAM Budget: 3367 MB
    Driver:          32.0.16.1062
Initialize mono
Mono path[0] = 'C:/Program Files/Unity/Hub/Editor/6000.3.24f1/Editor/Data/Managed'
Mono path[1] = 'C:/Program Files/Unity/Hub/Editor/6000.3.24f1/Editor/Data/MonoBleedingEdge/lib/mono/unityjit-win32'
Mono config path = 'C:/Program Files/Unity/Hub/Editor/6000.3.24f1/Editor/Data/MonoBleedingEdge/etc'
Using monoOptions --debugger-agent=transport=dt_socket,embedding=1,server=y,suspend=n,address=127.0.0.1:56852
Begin MonoManager ReloadAssembly
Registering precompiled unity dll's ...
Register platform support module: C:/Program Files/Unity/Hub/Editor/6000.3.24f1/Editor/Data/PlaybackEngines/WindowsStandaloneSupport/UnityEditor.WindowsStandalone.Extensions.dll
[Licensing::Client] Successfully resolved entitlement details
[Licensing::Module] License group:
  Id: 7972619350026-UnityPersXXXX
  Product: Unity Personal
  Type: Assigned
  Expiration: Unlimited
Register platform support module: C:/Program Files/Unity/Hub/Editor/6000.3.24f1/Editor/Data/PlaybackEngines/MetroSupport/UnityEditor.UWP.Extensions.dll
Registered in 0.010881 seconds.
- Loaded All Assemblies, in  0.798 seconds
Native extension for UWP target not found
Native extension for WindowsStandalone target not found
Package Manager log level set to [2]
[Package Manager] Failed to launch server process. Reason: Unity was launched with the -noUpm command-line argument
[Package Manager] Unable to send message (not connected to server process).
[Package Manager] Cannot connect to Unity Package Manager local server
ScheduleIndexationOnStartup MainProcess:False IndexOnStartup:True
Mono: successfully reloaded assembly
- Finished resetting the current domain, in  0.594 seconds
Domain Reload Profiling: 1387ms
	BeginReloadAssembly (274ms)
		ExecutionOrderSort (0ms)
		DisableScriptedObjects (0ms)
		BackupInstance (0ms)
		ReleaseScriptingObjects (0ms)
		CreateAndSetChildDomain (1ms)
	RebuildCommonClasses (50ms)
	RebuildNativeTypeToScriptingClass (15ms)
	initialDomainReloadingComplete (77ms)
	LoadAllAssembliesAndSetupDomain (377ms)
		LoadAssemblies (265ms)
		RebuildTransferFunctionScriptingTraits (0ms)
		AnalyzeDomain (372ms)
			TypeCache.Refresh (370ms)
				TypeCache.ScanAssembly (354ms)
			BuildScriptInfoCaches (0ms)
			ResolveRequiredComponents (1ms)
	FinalizeReload (594ms)
		ReleaseScriptCaches (0ms)
		RebuildScriptCaches (0ms)
		SetupLoadedEditorAssemblies (519ms)
			LogAssemblyErrors (0ms)
			InitializePlatformSupportModulesInManaged (68ms)
			SetLoadedEditorAssemblies (4ms)
			BeforeProcessingInitializeOnLoad (104ms)
			ProcessInitializeOnLoadAttributes (210ms)
			ProcessInitializeOnLoadMethodAttributes (134ms)
			AfterProcessingInitializeOnLoad (0ms)
			EditorAssembliesLoaded (0ms)
		ExecutionOrderSort2 (0ms)
		AwakeInstancesAfterBackupRestoration (0ms)
[Licensing::Client] Successfully resolved entitlement details
========================================================================
Worker process is ready to serve import requests
Import Worker Mode flag is 0x00
Begin MonoManager ReloadAssembly
Symbol file LoadedFromMemory is not a mono symbol file
- Loaded All Assemblies, in  1.467 seconds
Refreshing native plugins compatible for Editor in 6.40 ms, found 7 plugins.
Native extension for UWP target not found
Native extension for WindowsStandalone target not found
[Package Manager] Failed to launch server process. Reason: Unity was launched with the -noUpm command-line argument
[Package Manager] Unable to send message (not connected to server process).
[Package Manager] Cannot connect to Unity Package Manager local server
Refreshing native plugins compatible for Editor in 6.72 ms, found 7 plugins.
[Package Manager] Failed to launch server process. Reason: Unity was launched with the -noUpm command-line argument
[Package Manager] Unable to send message (not connected to server process).
[Package Manager] Cannot connect to Unity Package Manager local server
ScheduleIndexationOnStartup MainProcess:False IndexOnStartup:True
Mono: successfully reloaded assembly
- Finished resetting the current domain, in  0.969 seconds
Domain Reload Profiling: 2424ms
	BeginReloadAssembly (299ms)
		ExecutionOrderSort (0ms)
		DisableScriptedObjects (9ms)
		BackupInstance (0ms)
		ReleaseScriptingObjects (0ms)
		CreateAndSetChildDomain (51ms)
	RebuildCommonClasses (69ms)
	RebuildNativeTypeToScriptingClass (22ms)
	initialDomainReloadingComplete (57ms)
	LoadAllAssembliesAndSetupDomain (1007ms)
		LoadAssemblies (820ms)
		RebuildTransferFunctionScriptingTraits (0ms)
		AnalyzeDomain (359ms)
			TypeCache.Refresh (254ms)
				TypeCache.ScanAssembly (234ms)
			BuildScriptInfoCaches (85ms)
			ResolveRequiredComponents (13ms)
	FinalizeReload (970ms)
		ReleaseScriptCaches (0ms)
		RebuildScriptCaches (0ms)
		SetupLoadedEditorAssemblies (796ms)
			LogAssemblyErrors (0ms)
			InitializePlatformSupportModulesInManaged (3ms)
			SetLoadedEditorAssemblies (4ms)
			BeforeProcessingInitializeOnLoad (193ms)
			ProcessInitializeOnLoadAttributes (484ms)
			ProcessInitializeOnLoadMethodAttributes (98ms)
			AfterProcessingInitializeOnLoad (13ms)
			EditorAssembliesLoaded (1ms)
		ExecutionOrderSort2 (0ms)
		AwakeInstancesAfterBackupRestoration (8ms)
WARNING: Shader Unsupported: 'Hidden/Universal Render Pipeline/Terrain/Lit (Base Pass)' - All subshaders removed
WARNING: Shader Did you use #pragma only_renderers and omit this platform?
WARNING: Shader If subshaders removal was intentional, you may have forgotten turning Fallback off?
WARNING: Shader Unsupported: 'Hidden/Universal Render Pipeline/Terrain/Lit (Base Pass)' - All subshaders removed
WARNING: Shader Did you use #pragma only_renderers and omit this platform?
WARNING: Shader If subshaders removal was intentional, you may have forgotten turning Fallback off?
WARNING: Shader Unsupported: 'Universal Render Pipeline/Terrain/Lit' - All subshaders removed
WARNING: Shader Did you use #pragma only_renderers and omit this platform?
WARNING: Shader If subshaders removal was intentional, you may have forgotten turning Fallback off?
WARNING: Shader Unsupported: 'Universal Render Pipeline/Terrain/Lit' - All subshaders removed
WARNING: Shader Did you use #pragma only_renderers and omit this platform?
WARNING: Shader If subshaders removal was intentional, you may have forgotten turning Fallback off?
Launched and connected shader compiler UnityShaderCompiler.exe after 0.03 seconds
Refreshing native plugins compatible for Editor in 7.17 ms, found 7 plugins.
Preloading 2 native plugins for Editor in 0.31 ms.
Unloading 45 Unused Serialized files (Serialized files now loaded: 0)
Curl error 3: URL rejected: Malformed input to a URL function
Unloading 6878 unused Assets / (7.6 MB). Loaded Objects now: 7627.
Memory consumption went from 156.6 MB to 148.9 MB.
Total: 17.991700 ms (FindLiveObjects: 1.745800 ms CreateObjectMapping: 1.264600 ms MarkObjects: 9.865400 ms  DeleteObjects: 5.114000 ms)

========================================================================
Received Import Request.
  Time since last request: 6514.733286 seconds.
  path: Packages/com.unity.2d.tilemap/Editor/UI/TilePaletteOverlayLight.uss
  artifactKey: Guid(2a208840b98c7aa46a99ed3517e86d98) Importer(2089858483,b0f066a214c2f5e87bad3c948f4d605d)
Start importing Packages/com.unity.2d.tilemap/Editor/UI/TilePaletteOverlayLight.uss using Guid(2a208840b98c7aa46a99ed3517e86d98) Importer(2089858483,b0f066a214c2f5e87bad3c948f4d605d) (ScriptedImporter) -> (artifact id: '565cedbf6f68594e1a796a307d2cf330') in 0.2177781 seconds
Number of updated asset objects reloaded before import = 0Number of asset objects unloaded after import = 1

========================================================================
Received Import Request.
  Time since last request: 0.000026 seconds.
  path: Packages/com.unity.2d.tilemap/Editor/EditorTools/RotateTool.cs
  artifactKey: Guid(af1e44f72ff2436c93634dc6cba0ed8e) Importer(2089858483,b0f066a214c2f5e87bad3c948f4d605d)
Start importing Packages/com.unity.2d.tilemap/Editor/EditorTools/RotateTool.cs using Guid(af1e44f72ff2436c93634dc6cba0ed8e) Importer(2089858483,b0f066a214c2f5e87bad3c948f4d605d) (ScriptedImporter) -> (artifact id: '92929959cdfc2bd338bfdd181c375784') in 0.0245426 seconds
Number of updated asset objects reloaded before import = 0Number of asset objects unloaded after import = 0

========================================================================
Received Import Request.
  Time since last request: 0.000185 seconds.
  path: Packages/com.unity.2d.tilemap/Editor/UI/TilePaletteActiveTargetsDropdownMenu.cs
  artifactKey: Guid(767ef4adccc592649bc3b2c17a97a6dc) Importer(2089858483,b0f066a214c2f5e87bad3c948f4d605d)
Start importing Packages/com.unity.2d.tilemap/Editor/UI/TilePaletteActiveTargetsDropdownMenu.cs using Guid(767ef4adccc592649bc3b2c17a97a6dc) Importer(2089858483,b0f066a214c2f5e87bad3c948f4d605d) (ScriptedImporter) -> (artifact id: '14071b6a3db572fb079524299ab9c1ac') in 0.0166098 seconds
Number of updated asset objects reloaded before import = 0Number of asset objects unloaded after import = 0

========================================================================
Received Import Request.
  Time since last request: 0.000119 seconds.
  path: Packages/com.unity.2d.tilemap/Editor/EditorTools/GridSelection/GridSelectionRotationTool.cs
  artifactKey: Guid(6cf9bcb22d1f73e42a7abe79808d5902) Importer(2089858483,b0f066a214c2f5e87bad3c948f4d605d)
Start importing Packages/com.unity.2d.tilemap/Editor/EditorTools/GridSelection/GridSelectionRotationTool.cs using Guid(6cf9bcb22d1f73e42a7abe79808d5902) Importer(2089858483,b0f066a214c2f5e87bad3c948f4d605d) (ScriptedImporter) -> (artifact id: 'dbefbee1f6ba84e207bff2e4193b0e16') in 0.0177902 seconds
Number of updated asset objects reloaded before import = 0Number of asset objects unloaded after import = 0

========================================================================
Received Import Request.
  Time since last request: 0.000256 seconds.
  path: Packages/com.unity.2d.tilemap/Editor/Icons/Tilemap.DefaultBrush.png
  artifactKey: Guid(53439e5dcebe4d74e8358cf7104c4666) Importer(2089858483,b0f066a214c2f5e87bad3c948f4d605d)
Start importing Packages/com.unity.2d.tilemap/Editor/Icons/Tilemap.DefaultBrush.png using Guid(53439e5dcebe4d74e8358cf7104c4666) Importer(2089858483,b0f066a214c2f5e87bad3c948f4d605d) (ScriptedImporter) -> (artifact id: '5139ee9330e703c78e0cfba246cd67d5') in 0.0936543 seconds
Number of updated asset objects reloaded before import = 0Number of asset objects unloaded after import = 3

========================================================================
Received Import Request.
  Time since last request: 0.130382 seconds.
  path: Packages/com.unity.2d.tilemap/Editor/Icons/d_Tilemap.ShowGrid.png
  artifactKey: Guid(ad72aefbbd03ec744b3cf61cf766d320) Importer(2089858483,b0f066a214c2f5e87bad3c948f4d605d)
Start importing Packages/com.unity.2d.tilemap/Editor/Icons/d_Tilemap.ShowGrid.png using Guid(ad72aefbbd03ec744b3cf61cf766d320) Importer(2089858483,b0f066a214c2f5e87bad3c948f4d605d) (ScriptedImporter) -> (artifact id: 'c6db87a5679dcfbc9c4dd111ace55385') in 0.0614813 seconds
Number of updated asset objects reloaded before import = 0Number of asset objects unloaded after import = 3

========================================================================
Received Import Request.
  Time since last request: 0.000203 seconds.
  path: Packages/com.unity.2d.sprite/Editor/Unity.2D.Sprite.Editor.asmdef
  artifactKey: Guid(2c573e6b271651846a79655161004c5b) Importer(2089858483,b0f066a214c2f5e87bad3c948f4d605d)
Start importing Packages/com.unity.2d.sprite/Editor/Unity.2D.Sprite.Editor.asmdef using Guid(2c573e6b271651846a79655161004c5b) Importer(2089858483,b0f066a214c2f5e87bad3c948f4d605d) (ScriptedImporter) -> (artifact id: '2b64b92ae20b9d4a02a97f6df65c00ea') in 0.0266237 seconds
Number of updated asset objects reloaded before import = 0Number of asset objects unloaded after import = 1

========================================================================
Received Import Request.
  Time since last request: 0.416740 seconds.
  path: Packages/com.unity.2d.tilemap/Editor/UI/GridPaintPaletteWindowSplitView.cs
  artifactKey: Guid(da729b8a61b9b17479b11396776d7651) Importer(2089858483,b0f066a214c2f5e87bad3c948f4d605d)
Start importing Packages/com.unity.2d.tilemap/Editor/UI/GridPaintPaletteWindowSplitView.cs using Guid(da729b8a61b9b17479b11396776d7651) Importer(2089858483,b0f066a214c2f5e87bad3c948f4d605d) (ScriptedImporter) -> (artifact id: 'ec9b6a18f2c5d1d47bcf82e8c6973d0d') in 0.0276156 seconds
Number of updated asset objects reloaded before import = 0Number of asset objects unloaded after import = 0

========================================================================
Received Import Request.
  Time since last request: 0.000073 seconds.
  path: Packages/com.unity.2d.tilemap/Editor/CreateTileFromPaletteAttribute.cs
  artifactKey: Guid(241898342fd2d2d478d8d74aff380666) Importer(2089858483,b0f066a214c2f5e87bad3c948f4d605d)
Start importing Packages/com.unity.2d.tilemap/Editor/CreateTileFromPaletteAttribute.cs using Guid(241898342fd2d2d478d8d74aff380666) Importer(2089858483,b0f066a214c2f5e87bad3c948f4d605d) (ScriptedImporter) -> (artifact id: '875fd05a18168455cb89c58c7f367a19') in 0.0172241 seconds
Number of updated asset objects reloaded before import = 0Number of asset objects unloaded after import = 0

========================================================================
Received Import Request.
  Time since last request: 0.000025 seconds.
  path: Packages/com.unity.2d.sprite/Editor/Interface/ITexture.cs
  artifactKey: Guid(0ba4af382ef34da4fa3017497b72befb) Importer(2089858483,b0f066a214c2f5e87bad3c948f4d605d)
Start importing Packages/com.unity.2d.sprite/Editor/Interface/ITexture.cs using Guid(0ba4af382ef34da4fa3017497b72befb) Importer(2089858483,b0f066a214c2f5e87bad3c948f4d605d) (ScriptedImporter) -> (artifact id: 'ad0a6f50637615a31f7d1d857d785115') in 0.0172605 seconds
Number of updated asset objects reloaded before import = 0Number of asset objects unloaded after import = 0

========================================================================
Received Import Request.
  Time since last request: 0.000167 seconds.
  path: Packages/com.unity.2d.tilemap/Editor/Icons/Tilemap.GridPaint@2x.png
  artifactKey: Guid(42fb19d14e266e4409770bbcdbc6a1e5) Importer(2089858483,b0f066a214c2f5e87bad3c948f4d605d)
Start importing Packages/com.unity.2d.tilemap/Editor/Icons/Tilemap.GridPaint@2x.png using Guid(42fb19d14e266e4409770bbcdbc6a1e5) Importer(2089858483,b0f066a214c2f5e87bad3c948f4d605d) (ScriptedImporter) -> (artifact id: '0f088ea486ac7bfa096af7bef78c9300') in 0.0430513 seconds
Number of updated asset objects reloaded before import = 0Number of asset objects unloaded after import = 3

========================================================================
Received Import Request.
  Time since last request: 0.000028 seconds.
  path: Packages/com.unity.2d.tilemap/Editor/Icons/Tilemap.FocusGrid@4x.png
  artifactKey: Guid(a1bd3db90f5f7314e822ba2e38f901c6) Importer(2089858483,b0f066a214c2f5e87bad3c948f4d605d)
Start importing Packages/com.unity.2d.tilemap/Editor/Icons/Tilemap.FocusGrid@4x.png using Guid(a1bd3db90f5f7314e822ba2e38f901c6) Importer(2089858483,b0f066a214c2f5e87bad3c948f4d605d) (ScriptedImporter) -> (artifact id: '344573273ce04dc02093be0017b2c734') in 0.0522693 seconds
Number of updated asset objects reloaded before import = 0Number of asset objects unloaded after import = 3

========================================================================
Received Import Request.
  Time since last request: 0.000031 seconds.
  path: Packages/com.unity.2d.tilemap/Editor/TileSet/PositionTileTemplate.cs
  artifactKey: Guid(4565c53baa224eabaca8f7e4378bce8a) Importer(2089858483,b0f066a214c2f5e87bad3c948f4d605d)
Start importing Packages/com.unity.2d.tilemap/Editor/TileSet/PositionTileTemplate.cs using Guid(4565c53baa224eabaca8f7e4378bce8a) Importer(2089858483,b0f066a214c2f5e87bad3c948f4d605d) (ScriptedImporter) -> (artifact id: '7a3a7fdddc24b0322322e88e6e4fd45f') in 0.0268032 seconds
Number of updated asset objects reloaded before import = 0Number of asset objects unloaded after import = 0

========================================================================
Received Import Request.
  Time since last request: 0.000188 seconds.
  path: Packages/com.unity.2d.tilemap/Editor/PaintableSceneViewGrid.cs
  artifactKey: Guid(9f1e0a9724743a74794256ebe791fd41) Importer(2089858483,b0f066a214c2f5e87bad3c948f4d605d)
Start importing Packages/com.unity.2d.tilemap/Editor/PaintableSceneViewGrid.cs using Guid(9f1e0a9724743a74794256ebe791fd41) Importer(2089858483,b0f066a214c2f5e87bad3c948f4d605d) (ScriptedImporter) -> (artifact id: '4fb3f3d7a7e826f7072d0017996e0f33') in 0.0251386 seconds
Number of updated asset objects reloaded before import = 0Number of asset objects unloaded after import = 0

========================================================================
Received Import Request.
  Time since last request: 0.000179 seconds.
  path: Packages/com.unity.2d.tilemap/Editor/UI/TilePaletteBrushModalElement.cs
  artifactKey: Guid(a700028b9cda49fd94ebc3806a2185f9) Importer(2089858483,b0f066a214c2f5e87bad3c948f4d605d)
Start importing Packages/com.unity.2d.tilemap/Editor/UI/TilePaletteBrushModalElement.cs using Guid(a700028b9cda49fd94ebc3806a2185f9) Importer(2089858483,b0f066a214c2f5e87bad3c948f4d605d) (ScriptedImporter) -> (artifact id: '236ea47c77e6909a47f5e1f6f2698b7f') in 0.0244552 seconds
Number of updated asset objects reloaded before import = 0Number of asset objects unloaded after import = 0

========================================================================
Received Import Request.
  Time since last request: 0.000229 seconds.
  path: Packages/com.unity.2d.sprite/Editor/Assets/SpriteEditorWindowDefault.overlay
  artifactKey: Guid(6d70958817ddd43678a10b02a1aa4cdd) Importer(2089858483,b0f066a214c2f5e87bad3c948f4d605d)
Start importing Packages/com.unity.2d.sprite/Editor/Assets/SpriteEditorWindowDefault.overlay using Guid(6d70958817ddd43678a10b02a1aa4cdd) Importer(2089858483,b0f066a214c2f5e87bad3c948f4d605d) (ScriptedImporter) -> (artifact id: '8a4d2df721159b62f355c7c25e0f678b') in 0.0247712 seconds
Number of updated asset objects reloaded before import = 0Number of asset objects unloaded after import = 1

========================================================================
Received Import Request.
  Time since last request: 0.000041 seconds.
  path: Packages/com.unity.2d.tilemap/Editor/TileDragAndDropHoverData.cs
  artifactKey: Guid(c63fe6f3b17a3b84c91fa9e96162da05) Importer(2089858483,b0f066a214c2f5e87bad3c948f4d605d)
Start importing Packages/com.unity.2d.tilemap/Editor/TileDragAndDropHoverData.cs using Guid(c63fe6f3b17a3b84c91fa9e96162da05) Importer(2089858483,b0f066a214c2f5e87bad3c948f4d605d) (ScriptedImporter) -> (artifact id: '4e4d3588a31c752462739caf783710bc') in 0.0385517 seconds
Number of updated asset objects reloaded before import = 0Number of asset objects unloaded after import = 0

========================================================================
Received Import Request.
  Time since last request: 0.000160 seconds.
  path: Packages/com.unity.2d.tilemap/Editor/EditorTools/GridSelection/GridSelectionToolEditor.cs
  artifactKey: Guid(dd427a5a6fffcba478ecfbccb81b5852) Importer(2089858483,b0f066a214c2f5e87bad3c948f4d605d)
Start importing Packages/com.unity.2d.tilemap/Editor/EditorTools/GridSelection/GridSelectionToolEditor.cs using Guid(dd427a5a6fffcba478ecfbccb81b5852) Importer(2089858483,b0f066a214c2f5e87bad3c948f4d605d) (ScriptedImporter) -> (artifact id: '181d8c7561ca1e1255d9d03a8618d2d4') in 0.0219403 seconds
Number of updated asset objects reloaded before import = 0Number of asset objects unloaded after import = 0

========================================================================
Received Import Request.
  Time since last request: 0.000148 seconds.
  path: Packages/com.unity.2d.tilemap/Editor/UI/GridPaintPaletteWindow.uss
  artifactKey: Guid(ecc64bf4ebc64e2d8487b3a631c5113c) Importer(2089858483,b0f066a214c2f5e87bad3c948f4d605d)
Start importing Packages/com.unity.2d.tilemap/Editor/UI/GridPaintPaletteWindow.uss using Guid(ecc64bf4ebc64e2d8487b3a631c5113c) Importer(2089858483,b0f066a214c2f5e87bad3c948f4d605d) (ScriptedImporter) -> (artifact id: '7ebcd8ec257e9315e03263f7b1065390') in 0.0384343 seconds
Number of updated asset objects reloaded before import = 0Number of asset objects unloaded after import = 1

========================================================================
Received Import Request.
  Time since last request: 0.000034 seconds.
  path: Packages/com.unity.2d.tilemap/Editor/UI/TilePaletteBrushPickPanelPopup.cs
  artifactKey: Guid(298cc9ee1ef84b288cb3748dd279d282) Importer(2089858483,b0f066a214c2f5e87bad3c948f4d605d)
Start importing Packages/com.unity.2d.tilemap/Editor/UI/TilePaletteBrushPickPanelPopup.cs using Guid(298cc9ee1ef84b288cb3748dd279d282) Importer(2089858483,b0f066a214c2f5e87bad3c948f4d605d) (ScriptedImporter) -> (artifact id: '9de6abc8b60dae10793e7f43990c4927') in 0.0220367 seconds
Number of updated asset objects reloaded before import = 0Number of asset objects unloaded after import = 0

========================================================================
Received Import Request.
  Time since last request: 0.000127 seconds.
  path: Packages/com.ptc.vuforia.engine/Vuforia/Plugins/Managed/UWP/Vuforia.Unity.Wrapper.dll
  artifactKey: Guid(ca83b7682aa65435a846edf4bd22483d) Importer(2089858483,b0f066a214c2f5e87bad3c948f4d605d)
Start importing Packages/com.ptc.vuforia.engine/Vuforia/Plugins/Managed/UWP/Vuforia.Unity.Wrapper.dll using Guid(ca83b7682aa65435a846edf4bd22483d) Importer(2089858483,b0f066a214c2f5e87bad3c948f4d605d) (ScriptedImporter) -> (artifact id: '5e0b58f23d67fd6e627e8bdabe692503') in 0.0270298 seconds
Number of updated asset objects reloaded before import = 0Number of asset objects unloaded after import = 0

========================================================================
Received Import Request.
  Time since last request: 0.000176 seconds.
  path: Assets/Common/Icons/UWP/Square44x44Logo.scale-400.png
  artifactKey: Guid(2f72818680a7de34b9781c7d8c6cad7a) Importer(2089858483,b0f066a214c2f5e87bad3c948f4d605d)
Start importing Assets/Common/Icons/UWP/Square44x44Logo.scale-400.png using Guid(2f72818680a7de34b9781c7d8c6cad7a) Importer(2089858483,b0f066a214c2f5e87bad3c948f4d605d) (ScriptedImporter) -> (artifact id: 'c9d33938818c78e3f2853655453edf7e') in 0.0314173 seconds
Number of updated asset objects reloaded before import = 0Number of asset objects unloaded after import = 1

========================================================================
Received Import Request.
  Time since last request: 0.000037 seconds.
  path: Packages/com.unity.2d.tilemap/Editor/AssemblyInfo.cs
  artifactKey: Guid(b870da3ede4ee144d8631c9ef0a3a66c) Importer(2089858483,b0f066a214c2f5e87bad3c948f4d605d)
Start importing Packages/com.unity.2d.tilemap/Editor/AssemblyInfo.cs using Guid(b870da3ede4ee144d8631c9ef0a3a66c) Importer(2089858483,b0f066a214c2f5e87bad3c948f4d605d) (ScriptedImporter) -> (artifact id: '429bf9f77c2c1153457b440abe0eb73b') in 0.0220587 seconds
Number of updated asset objects reloaded before import = 0Number of asset objects unloaded after import = 0

========================================================================
Received Import Request.
  Time since last request: 0.000237 seconds.
  path: Packages/com.unity.2d.tilemap/Editor/Icons/d_Tilemap.ShowTilePalette@2x.png
  artifactKey: Guid(b3f6a0922e3511840813c51882c0907b) Importer(2089858483,b0f066a214c2f5e87bad3c948f4d605d)
Start importing Packages/com.unity.2d.tilemap/Editor/Icons/d_Tilemap.ShowTilePalette@2x.png using Guid(b3f6a0922e3511840813c51882c0907b) Importer(2089858483,b0f066a214c2f5e87bad3c948f4d605d) (ScriptedImporter) -> (artifact id: '9b94ca11fb3410af107441df43211c1e') in 0.0471712 seconds
Number of updated asset objects reloaded before import = 0Number of asset objects unloaded after import = 3

========================================================================
Received Import Request.
  Time since last request: 0.000037 seconds.
  path: Packages/com.unity.2d.sprite/Editor/ObjectMenuCreation/DefaultAssets/Textures/IsometricDiamondWithBorder.png
  artifactKey: Guid(0d267bc78a0864eb48358689b29ed20a) Importer(2089858483,b0f066a214c2f5e87bad3c948f4d605d)
Start importing Packages/com.unity.2d.sprite/Editor/ObjectMenuCreation/DefaultAssets/Textures/IsometricDiamondWithBorder.png using Guid(0d267bc78a0864eb48358689b29ed20a) Importer(2089858483,b0f066a214c2f5e87bad3c948f4d605d) (ScriptedImporter) -> (artifact id: 'b3da4991ee3a267bca6feed90a6bdf1b') in 0.0507534 seconds
Number of updated asset objects reloaded before import = 0Number of asset objects unloaded after import = 3

========================================================================
Received Import Request.
  Time since last request: 0.000030 seconds.
  path: Packages/com.unity.2d.tilemap/Editor/Icons/d_Tilemap.TilePalette.png
  artifactKey: Guid(a16432554ffe69042985d012d1df2637) Importer(2089858483,b0f066a214c2f5e87bad3c948f4d605d)
Start importing Packages/com.unity.2d.tilemap/Editor/Icons/d_Tilemap.TilePalette.png using Guid(a16432554ffe69042985d012d1df2637) Importer(2089858483,b0f066a214c2f5e87bad3c948f4d605d) (ScriptedImporter) -> (artifact id: 'b95be1e4af44fe0f8e03ff6b951c9e37') in 0.0480461 seconds
Number of updated asset objects reloaded before import = 0Number of asset objects unloaded after import = 3

========================================================================
Received Import Request.
  Time since last request: 0.000037 seconds.
  path: Packages/com.unity.2d.sprite/Editor/AssemblyInfo.cs
  artifactKey: Guid(03dd6911110407b418a3e5d3f0c473af) Importer(2089858483,b0f066a214c2f5e87bad3c948f4d605d)
Start importing Packages/com.unity.2d.sprite/Editor/AssemblyInfo.cs using Guid(03dd6911110407b418a3e5d3f0c473af) Importer(2089858483,b0f066a214c2f5e87bad3c948f4d605d) (ScriptedImporter) -> (artifact id: 'd65ef1aa2d74702920343ad784222930') in 0.0216769 seconds
Number of updated asset objects reloaded before import = 0Number of asset objects unloaded after import = 0

========================================================================
Received Import Request.
  Time since last request: 0.000050 seconds.
  path: Assets/Common/Icons/iOS/Icon-64.png
  artifactKey: Guid(887074311a0ab4d3586bc5203a08742b) Importer(2089858483,b0f066a214c2f5e87bad3c948f4d605d)
Start importing Assets/Common/Icons/iOS/Icon-64.png using Guid(887074311a0ab4d3586bc5203a08742b) Importer(2089858483,b0f066a214c2f5e87bad3c948f4d605d) (ScriptedImporter) -> (artifact id: '145f4d6794d1a3dce19e0407bfd94e02') in 0.0354917 seconds
Number of updated asset objects reloaded before import = 0Number of asset objects unloaded after import = 3

========================================================================
Received Import Request.
  Time since last request: 0.000031 seconds.
  path: Assets/Resources
  artifactKey: Guid(07063b9e251267d41b6167686c622596) Importer(2089858483,b0f066a214c2f5e87bad3c948f4d605d)
Start importing Assets/Resources using Guid(07063b9e251267d41b6167686c622596) Importer(2089858483,b0f066a214c2f5e87bad3c948f4d605d) (ScriptedImporter) -> (artifact id: '803d8be0652889f6f5e2985921454b63') in 0.0211078 seconds
Number of updated asset objects reloaded before import = 0Number of asset objects unloaded after import = 1

========================================================================
Received Import Request.
  Time since last request: 0.000025 seconds.
  path: Assets/SamplesResources/AugmentationAssets/Models/Astronaut.FBX
  artifactKey: Guid(c6045ffd0db911d418ecf014e1fbd650) Importer(2089858483,b0f066a214c2f5e87bad3c948f4d605d)
Start importing Assets/SamplesResources/AugmentationAssets/Models/Astronaut.FBX using Guid(c6045ffd0db911d418ecf014e1fbd650) Importer(2089858483,b0f066a214c2f5e87bad3c948f4d605d) (ScriptedImporter) -> (artifact id: 'efd3d67055450d88e1136e70bee35e31') in 0.2335215 seconds
Number of updated asset objects reloaded before import = 0Number of asset objects unloaded after import = 204

========================================================================
Received Import Request.
  Time since last request: 0.000035 seconds.
  path: Packages/com.ptc.vuforia.engine/Vuforia/Prefabs/SessionRecorder.prefab
  artifactKey: Guid(8ce5dfe4cb6b24642b68cb2125a3004e) Importer(2089858483,b0f066a214c2f5e87bad3c948f4d605d)
Start importing Packages/com.ptc.vuforia.engine/Vuforia/Prefabs/SessionRecorder.prefab using Guid(8ce5dfe4cb6b24642b68cb2125a3004e) Importer(2089858483,b0f066a214c2f5e87bad3c948f4d605d) (ScriptedImporter) -> (artifact id: '0d06b571ccb8e53c81d0206f2c026a89') in 0.0800634 seconds
Number of updated asset objects reloaded before import = 0Number of asset objects unloaded after import = 161

========================================================================
Received Import Request.
  Time since last request: 0.000042 seconds.
  path: Packages/com.ptc.vuforia.engine/Vuforia/Textures/VideoBackground.png
  artifactKey: Guid(d46decd9d3bbf0d46b31a3d4ae0f18ff) Importer(2089858483,b0f066a214c2f5e87bad3c948f4d605d)
Start importing Packages/com.ptc.vuforia.engine/Vuforia/Textures/VideoBackground.png using Guid(d46decd9d3bbf0d46b31a3d4ae0f18ff) Importer(2089858483,b0f066a214c2f5e87bad3c948f4d605d) (ScriptedImporter) -> (artifact id: 'd201fe4febb70af005a0a95108a994a3') in 0.0344774 seconds
Number of updated asset objects reloaded before import = 0Number of asset objects unloaded after import = 1

========================================================================
Received Import Request.
  Time since last request: 0.000033 seconds.
  path: Packages/com.unity.2d.tilemap/Editor/TilemapFocusModeUtility.cs
  artifactKey: Guid(5fb3ada6b424478f868d114ce6117c0a) Importer(2089858483,b0f066a214c2f5e87bad3c948f4d605d)
Start importing Packages/com.unity.2d.tilemap/Editor/TilemapFocusModeUtility.cs using Guid(5fb3ada6b424478f868d114ce6117c0a) Importer(2089858483,b0f066a214c2f5e87bad3c948f4d605d) (ScriptedImporter) -> (artifact id: 'd0b8d5e17908c32cf9de39880e3d72ad') in 0.0234146 seconds
Number of updated asset objects reloaded before import = 0Number of asset objects unloaded after import = 0

========================================================================
Received Import Request.
  Time since last request: 0.000154 seconds.
  path: Packages/com.unity.2d.sprite/Editor/SpriteEditorModule/SpriteFrameModule/SpritePivotUtility.cs
  artifactKey: Guid(1727104fdbd44a8493db8c40a5b406b3) Importer(2089858483,b0f066a214c2f5e87bad3c948f4d605d)
Start importing Packages/com.unity.2d.sprite/Editor/SpriteEditorModule/SpriteFrameModule/SpritePivotUtility.cs using Guid(1727104fdbd44a8493db8c40a5b406b3) Importer(2089858483,b0f066a214c2f5e87bad3c948f4d605d) (ScriptedImporter) -> (artifact id: '56ad5246c36332c2d8dde2ff889762fd') in 0.0198587 seconds
Number of updated asset objects reloaded before import = 0Number of asset objects unloaded after import = 0

========================================================================
Received Import Request.
  Time since last request: 0.000051 seconds.
  path: Packages/com.unity.2d.tilemap/Editor/Icons/d_Tilemap.BrushPicks.png
  artifactKey: Guid(bdab342e8f290224dbdbc33dd03605c4) Importer(2089858483,b0f066a214c2f5e87bad3c948f4d605d)
Start importing Packages/com.unity.2d.tilemap/Editor/Icons/d_Tilemap.BrushPicks.png using Guid(bdab342e8f290224dbdbc33dd03605c4) Importer(2089858483,b0f066a214c2f5e87bad3c948f4d605d) (ScriptedImporter) -> (artifact id: '08675457caa6601e7c036b940b2db51c') in 0.0459524 seconds
Number of updated asset objects reloaded before import = 0Number of asset objects unloaded after import = 3

========================================================================
Received Import Request.
  Time since last request: 0.000032 seconds.
  path: Assets/Common/Icons/iOS/Icon-16.png
  artifactKey: Guid(c44dfb6bebdfa40e19b0cf6ff01d8ff9) Importer(2089858483,b0f066a214c2f5e87bad3c948f4d605d)
Start importing Assets/Common/Icons/iOS/Icon-16.png using Guid(c44dfb6bebdfa40e19b0cf6ff01d8ff9) Importer(2089858483,b0f066a214c2f5e87bad3c948f4d605d) (ScriptedImporter) -> (artifact id: '187559ae54acbdaf2421ef6c6eaa612f') in 0.0346583 seconds
Number of updated asset objects reloaded before import = 0Number of asset objects unloaded after import = 3

========================================================================
Received Import Request.
  Time since last request: 0.000026 seconds.
  path: Packages/com.ptc.vuforia.engine/Vuforia/Materials/URP/MeshVisualization_URP.mat
  artifactKey: Guid(552b1f48d7914420898b39c97b368881) Importer(2089858483,b0f066a214c2f5e87bad3c948f4d605d)
Start importing Packages/com.ptc.vuforia.engine/Vuforia/Materials/URP/MeshVisualization_URP.mat using Guid(552b1f48d7914420898b39c97b368881) Importer(2089858483,b0f066a214c2f5e87bad3c948f4d605d) (ScriptedImporter) -> (artifact id: '3896e60335e56efec5c9a32ef08955d2') in 0.0341048 seconds
Number of updated asset objects reloaded before import = 0Number of asset objects unloaded after import = 1

========================================================================
Received Import Request.
  Time since last request: 0.000037 seconds.
  path: Assets/Common
  artifactKey: Guid(5282af35dff52844e865ef549ab18cb1) Importer(2089858483,b0f066a214c2f5e87bad3c948f4d605d)
Start importing Assets/Common using Guid(5282af35dff52844e865ef549ab18cb1) Importer(2089858483,b0f066a214c2f5e87bad3c948f4d605d) (ScriptedImporter) -> (artifact id: '9763dd6027d2d9f47ff5c355171f0ec0') in 0.0184934 seconds
Number of updated asset objects reloaded before import = 0Number of asset objects unloaded after import = 1

========================================================================
Received Import Request.
  Time since last request: 0.000032 seconds.
  path: Assets/SamplesResources/AugmentationAssets
  artifactKey: Guid(ef1b1c7b813d7d54aadc0595127d24f6) Importer(2089858483,b0f066a214c2f5e87bad3c948f4d605d)
Start importing Assets/SamplesResources/AugmentationAssets using Guid(ef1b1c7b813d7d54aadc0595127d24f6) Importer(2089858483,b0f066a214c2f5e87bad3c948f4d605d) (ScriptedImporter) -> (artifact id: '3884a967f47e7429d3e96d01ce0322b0') in 0.0192706 seconds
Number of updated asset objects reloaded before import = 0Number of asset objects unloaded after import = 1

========================================================================
Received Import Request.
  Time since last request: 0.000078 seconds.
  path: Packages/com.ptc.vuforia.engine/Vuforia/Editor/EditorResources/Licenses/lumin/license_3rdpartynotice.txt
  artifactKey: Guid(83131dbb031734ba3a8d4c9834b93074) Importer(2089858483,b0f066a214c2f5e87bad3c948f4d605d)
Start importing Packages/com.ptc.vuforia.engine/Vuforia/Editor/EditorResources/Licenses/lumin/license_3rdpartynotice.txt using Guid(83131dbb031734ba3a8d4c9834b93074) Importer(2089858483,b0f066a214c2f5e87bad3c948f4d605d) (ScriptedImporter) -> (artifact id: '683bd8ee38e91a67e00adfe6f5b9bf5b') in 0.0210021 seconds
Number of updated asset objects reloaded before import = 0Number of asset objects unloaded after import = 1

========================================================================
Received Import Request.
  Time since last request: 0.000041 seconds.
  path: Packages/com.ptc.vuforia.engine/Vuforia/Shaders/Built-In/Text3D.shader
  artifactKey: Guid(adefda86ea8b448aab96a7d4a35d83da) Importer(2089858483,b0f066a214c2f5e87bad3c948f4d605d)
Start importing Packages/com.ptc.vuforia.engine/Vuforia/Shaders/Built-In/Text3D.shader using Guid(adefda86ea8b448aab96a7d4a35d83da) Importer(2089858483,b0f066a214c2f5e87bad3c948f4d605d) (ScriptedImporter) -> (artifact id: 'f07e06e59be4547af4d52c6dcb10c5fc') in 0.032554 seconds
Number of updated asset objects reloaded before import = 0Number of asset objects unloaded after import = 1

========================================================================
Received Import Request.
  Time since last request: 0.000034 seconds.
  path: Packages/com.ptc.vuforia.engine/Vuforia/Materials/Built-In/PointSplat.mat
  artifactKey: Guid(1fca96da939c44b11914dae18406fa0b) Importer(2089858483,b0f066a214c2f5e87bad3c948f4d605d)
Start importing Packages/com.ptc.vuforia.engine/Vuforia/Materials/Built-In/PointSplat.mat using Guid(1fca96da939c44b11914dae18406fa0b) Importer(2089858483,b0f066a214c2f5e87bad3c948f4d605d) (ScriptedImporter) -> (artifact id: '5d7ce75889d1c39e8b020878370102cb') in 0.0348288 seconds
Number of updated asset objects reloaded before import = 0Number of asset objects unloaded after import = 1

========================================================================
Received Import Request.
  Time since last request: 0.000056 seconds.
  path: Packages/com.unity.2d.tilemap/Editor/Icons/Tilemap.EditPalette@4x.png
  artifactKey: Guid(72a3c6132d5e2ae48a1df56cfebbc7c2) Importer(2089858483,b0f066a214c2f5e87bad3c948f4d605d)
Start importing Packages/com.unity.2d.tilemap/Editor/Icons/Tilemap.EditPalette@4x.png using Guid(72a3c6132d5e2ae48a1df56cfebbc7c2) Importer(2089858483,b0f066a214c2f5e87bad3c948f4d605d) (ScriptedImporter) -> (artifact id: '6addc39d5c5dd85b839ab7f6be269135') in 0.0429428 seconds
Number of updated asset objects reloaded before import = 0Number of asset objects unloaded after import = 3

========================================================================
Received Import Request.
  Time since last request: 0.000029 seconds.
  path: Packages/com.ptc.vuforia.engine/Vuforia/Plugins/UWP/x64/VuforiaEngine.dll
  artifactKey: Guid(19e5a138c07e971438b2b18c8e716479) Importer(2089858483,b0f066a214c2f5e87bad3c948f4d605d)
Start importing Packages/com.ptc.vuforia.engine/Vuforia/Plugins/UWP/x64/VuforiaEngine.dll using Guid(19e5a138c07e971438b2b18c8e716479) Importer(2089858483,b0f066a214c2f5e87bad3c948f4d605d) (ScriptedImporter) -> (artifact id: '386845fa25121fe1e2a437d0c3a25b89') in 0.0231002 seconds
Number of updated asset objects reloaded before import = 0Number of asset objects unloaded after import = 0

========================================================================
Received Import Request.
  Time since last request: 0.000417 seconds.
  path: Packages/com.unity.2d.sprite/Editor/Interface/IGL.cs
  artifactKey: Guid(cd39e260c575e3b4785b68fcdfc4c82f) Importer(2089858483,b0f066a214c2f5e87bad3c948f4d605d)
Start importing Packages/com.unity.2d.sprite/Editor/Interface/IGL.cs using Guid(cd39e260c575e3b4785b68fcdfc4c82f) Importer(2089858483,b0f066a214c2f5e87bad3c948f4d605d) (ScriptedImporter) -> (artifact id: '9b6e230005628db4c0234409a16e1dfa') in 0.0204477 seconds
Number of updated asset objects reloaded before import = 0Number of asset objects unloaded after import = 0

========================================================================
Received Import Request.
  Time since last request: 0.000047 seconds.
  path: Packages/com.unity.nuget.newtonsoft-json/package.json
  artifactKey: Guid(f8d4e5c2f2df25449ae8c391afbe5114) Importer(2089858483,b0f066a214c2f5e87bad3c948f4d605d)
Start importing Packages/com.unity.nuget.newtonsoft-json/package.json using Guid(f8d4e5c2f2df25449ae8c391afbe5114) Importer(2089858483,b0f066a214c2f5e87bad3c948f4d605d) (ScriptedImporter) -> (artifact id: 'ffe134abf90ac6d8703ffd4c5c8c1268') in 0.0239473 seconds
Number of updated asset objects reloaded before import = 0Number of asset objects unloaded after import = 1

========================================================================
Received Import Request.
  Time since last request: 0.000034 seconds.
  path: Packages/com.ptc.vuforia.engine/Vuforia/Prefabs/BarcodeReference.prefab
  artifactKey: Guid(7dd255aecb841404986299da33d882a5) Importer(2089858483,b0f066a214c2f5e87bad3c948f4d605d)
Start importing Packages/com.ptc.vuforia.engine/Vuforia/Prefabs/BarcodeReference.prefab using Guid(7dd255aecb841404986299da33d882a5) Importer(2089858483,b0f066a214c2f5e87bad3c948f4d605d) (ScriptedImporter) -> (artifact id: 'f7b5462f07dd075ebe31dd394d1a1313') in 0.0257211 seconds
Number of updated asset objects reloaded before import = 0Number of asset objects unloaded after import = 9

========================================================================
Received Import Request.
  Time since last request: 0.000045 seconds.
  path: Packages/com.ptc.vuforia.engine/Vuforia/Materials/Built-In/CloudRecoTarget.mat
  artifactKey: Guid(de1593a16346ab045974f1cd34fd831f) Importer(2089858483,b0f066a214c2f5e87bad3c948f4d605d)
Start importing Packages/com.ptc.vuforia.engine/Vuforia/Materials/Built-In/CloudRecoTarget.mat using Guid(de1593a16346ab045974f1cd34fd831f) Importer(2089858483,b0f066a214c2f5e87bad3c948f4d605d) (ScriptedImporter) -> (artifact id: '0d07d98eb730ebf3eefdcddb7745990d') in 0.0260639 seconds
Number of updated asset objects reloaded before import = 0Number of asset objects unloaded after import = 2

========================================================================
Received Import Request.
  Time since last request: 0.000043 seconds.
  path: Packages/com.ptc.vuforia.engine/Vuforia/Materials/URP/UnlitVertexColorHeightClip_URP.mat
  artifactKey: Guid(98177a0e33add4585a5bd11d0eca500e) Importer(2089858483,b0f066a214c2f5e87bad3c948f4d605d)
Start importing Packages/com.ptc.vuforia.engine/Vuforia/Materials/URP/UnlitVertexColorHeightClip_URP.mat using Guid(98177a0e33add4585a5bd11d0eca500e) Importer(2089858483,b0f066a214c2f5e87bad3c948f4d605d) (ScriptedImporter) -> (artifact id: '792ee63157198f84f508272ff2e0a676') in 0.080337 seconds
Number of updated asset objects reloaded before import = 0Number of asset objects unloaded after import = 1

========================================================================
Received Import Request.
  Time since last request: 0.000038 seconds.
  path: Assets/Common/Icons/UWP/Wide310x150Logo.scale-200.png
  artifactKey: Guid(9e2c6506d384576438a3d63b7c15a533) Importer(2089858483,b0f066a214c2f5e87bad3c948f4d605d)
Start importing Assets/Common/Icons/UWP/Wide310x150Logo.scale-200.png using Guid(9e2c6506d384576438a3d63b7c15a533) Importer(2089858483,b0f066a214c2f5e87bad3c948f4d605d) (ScriptedImporter) -> (artifact id: '91315a01de324536a2cbed791255b0d6') in 0.0410868 seconds
Number of updated asset objects reloaded before import = 0Number of asset objects unloaded after import = 1

========================================================================
Received Import Request.
  Time since last request: 0.000033 seconds.
  path: Assets/Common/Icons/UWP/Square44x44Logo.targetsize-24.png
  artifactKey: Guid(6a6b79f5650d25f42ac759d805690a0b) Importer(2089858483,b0f066a214c2f5e87bad3c948f4d605d)
Start importing Assets/Common/Icons/UWP/Square44x44Logo.targetsize-24.png using Guid(6a6b79f5650d25f42ac759d805690a0b) Importer(2089858483,b0f066a214c2f5e87bad3c948f4d605d) (ScriptedImporter) -> (artifact id: '52d2a6e86d713e6a5b766215c022d532') in 0.0320558 seconds
Number of updated asset objects reloaded before import = 0Number of asset objects unloaded after import = 1

========================================================================
Received Import Request.
  Time since last request: 0.000035 seconds.
  path: Packages/com.ptc.vuforia.engine/Vuforia/Sprites/record_icon.png
  artifactKey: Guid(ab4add1f75b2349b9938b3e39253fc09) Importer(2089858483,b0f066a214c2f5e87bad3c948f4d605d)
Start importing Packages/com.ptc.vuforia.engine/Vuforia/Sprites/record_icon.png using Guid(ab4add1f75b2349b9938b3e39253fc09) Importer(2089858483,b0f066a214c2f5e87bad3c948f4d605d) (ScriptedImporter) -> (artifact id: '8279ef9da411145ca14c8bbad36a8f13') in 0.0287783 seconds
Number of updated asset objects reloaded before import = 0Number of asset objects unloaded after import = 3

========================================================================
Received Import Request.
  Time since last request: 0.000055 seconds.
  path: Assets/SamplesResources/AugmentationAssets/Materials/Astronaut/Astronaut.mat
  artifactKey: Guid(175fca8ff17e17d4cb0f527c89b3d392) Importer(2089858483,b0f066a214c2f5e87bad3c948f4d605d)
Start importing Assets/SamplesResources/AugmentationAssets/Materials/Astronaut/Astronaut.mat using Guid(175fca8ff17e17d4cb0f527c89b3d392) Importer(2089858483,b0f066a214c2f5e87bad3c948f4d605d) (ScriptedImporter) -> (artifact id: 'efe917a1f01dae5ed785b39b88771a60') in 0.082951 seconds
Number of updated asset objects reloaded before import = 0Number of asset objects unloaded after import = 2

========================================================================
Received Import Request.
  Time since last request: 0.000036 seconds.
  path: Packages/com.ptc.vuforia.engine/Vuforia/Materials/Built-In/BrightTexture.mat
  artifactKey: Guid(2323acc94ed8843af956b1ecb1b36a5f) Importer(2089858483,b0f066a214c2f5e87bad3c948f4d605d)
Start importing Packages/com.ptc.vuforia.engine/Vuforia/Materials/Built-In/BrightTexture.mat using Guid(2323acc94ed8843af956b1ecb1b36a5f) Importer(2089858483,b0f066a214c2f5e87bad3c948f4d605d) (ScriptedImporter) -> (artifact id: '0905c37490365f2f71c180dd626a18f4') in 0.0262358 seconds
Number of updated asset objects reloaded before import = 0Number of asset objects unloaded after import = 1

========================================================================
Received Import Request.
  Time since last request: 0.000028 seconds.
  path: Packages/com.ptc.vuforia.engine/Vuforia/Scripts/DefaultObserverEventHandler.cs
  artifactKey: Guid(886328de6a5c14cbb85854fdf1a5085b) Importer(2089858483,b0f066a214c2f5e87bad3c948f4d605d)
Start importing Packages/com.ptc.vuforia.engine/Vuforia/Scripts/DefaultObserverEventHandler.cs using Guid(886328de6a5c14cbb85854fdf1a5085b) Importer(2089858483,b0f066a214c2f5e87bad3c948f4d605d) (ScriptedImporter) -> (artifact id: '2e2d133b9be92cbf7e530d2edd47dda4') in 0.0196538 seconds
Number of updated asset objects reloaded before import = 0Number of asset objects unloaded after import = 0

========================================================================
Received Import Request.
  Time since last request: 0.000280 seconds.
  path: Packages/com.unity.2d.tilemap/Editor/GridPaintPaletteClipboard.cs
  artifactKey: Guid(384ea3a769d6ffd44bcc7f03793e3adc) Importer(2089858483,b0f066a214c2f5e87bad3c948f4d605d)
Start importing Packages/com.unity.2d.tilemap/Editor/GridPaintPaletteClipboard.cs using Guid(384ea3a769d6ffd44bcc7f03793e3adc) Importer(2089858483,b0f066a214c2f5e87bad3c948f4d605d) (ScriptedImporter) -> (artifact id: '5cf98d2202fa9e3bd1854f222f4e7d3c') in 0.0212121 seconds
Number of updated asset objects reloaded before import = 0Number of asset objects unloaded after import = 0

========================================================================
Received Import Request.
  Time since last request: 0.000179 seconds.
  path: Assets/Common/Icons/UWP/Square150x150Logo.scale-150.png
  artifactKey: Guid(7d5e86f5a250c9341a346f980ee1a48d) Importer(2089858483,b0f066a214c2f5e87bad3c948f4d605d)
Start importing Assets/Common/Icons/UWP/Square150x150Logo.scale-150.png using Guid(7d5e86f5a250c9341a346f980ee1a48d) Importer(2089858483,b0f066a214c2f5e87bad3c948f4d605d) (ScriptedImporter) -> (artifact id: '64de1e35b434dedc306f028f24a3aaa8') in 0.0382793 seconds
Number of updated asset objects reloaded before import = 0Number of asset objects unloaded after import = 1

========================================================================
Received Import Request.
  Time since last request: 0.000039 seconds.
  path: Assets/Common/Icons/UWP/Square44x44Logo.scale-150.png
  artifactKey: Guid(091fffac4daad0343911afcbf36384d2) Importer(2089858483,b0f066a214c2f5e87bad3c948f4d605d)
Start importing Assets/Common/Icons/UWP/Square44x44Logo.scale-150.png using Guid(091fffac4daad0343911afcbf36384d2) Importer(2089858483,b0f066a214c2f5e87bad3c948f4d605d) (ScriptedImporter) -> (artifact id: '52f3dc10210e54523b3bf40ad38bb428') in 0.0309913 seconds
Number of updated asset objects reloaded before import = 0Number of asset objects unloaded after import = 1

========================================================================
Received Import Request.
  Time since last request: 0.000029 seconds.
  path: Packages/com.unity.2d.tilemap/Editor/Icons/d_Tilemap.FocusGrid@4x.png
  artifactKey: Guid(ffc58b5d1d8a6ed489be30f7a1291b1e) Importer(2089858483,b0f066a214c2f5e87bad3c948f4d605d)
Start importing Packages/com.unity.2d.tilemap/Editor/Icons/d_Tilemap.FocusGrid@4x.png using Guid(ffc58b5d1d8a6ed489be30f7a1291b1e) Importer(2089858483,b0f066a214c2f5e87bad3c948f4d605d) (ScriptedImporter) -> (artifact id: 'd5cf3486dc879cf275f498bdcc8354b9') in 0.0490875 seconds
Number of updated asset objects reloaded before import = 0Number of asset objects unloaded after import = 3

========================================================================
Received Import Request.
  Time since last request: 0.000039 seconds.
  path: Packages/com.ptc.vuforia.engine/Vuforia/Materials/Built-In/BarcodeOutlineMaterial.mat
  artifactKey: Guid(7aa08cbb9ece5462aaea2249d476a05e) Importer(2089858483,b0f066a214c2f5e87bad3c948f4d605d)
Start importing Packages/com.ptc.vuforia.engine/Vuforia/Materials/Built-In/BarcodeOutlineMaterial.mat using Guid(7aa08cbb9ece5462aaea2249d476a05e) Importer(2089858483,b0f066a214c2f5e87bad3c948f4d605d) (ScriptedImporter) -> (artifact id: '14ac0fa8ebf040efadaf84aca80b1961') in 0.1139955 seconds
Number of updated asset objects reloaded before import = 0Number of asset objects unloaded after import = 1

========================================================================
Received Import Request.
  Time since last request: 0.000050 seconds.
  path: Assets/Common/Icons/UWP/SplashScreen.scale-200.png
  artifactKey: Guid(8e614c22e974d9f429f920990d61ef52) Importer(2089858483,b0f066a214c2f5e87bad3c948f4d605d)
Start importing Assets/Common/Icons/UWP/SplashScreen.scale-200.png using Guid(8e614c22e974d9f429f920990d61ef52) Importer(2089858483,b0f066a214c2f5e87bad3c948f4d605d) (ScriptedImporter) -> (artifact id: '32963f44c98180868aa2bebb51e86eb1') in 0.0370168 seconds
Number of updated asset objects reloaded before import = 0Number of asset objects unloaded after import = 3

========================================================================
Received Import Request.
  Time since last request: 0.000043 seconds.
  path: Packages/com.ptc.vuforia.engine/Vuforia/Editor
  artifactKey: Guid(cbecf958ea1734648953def7bbb87ccc) Importer(2089858483,b0f066a214c2f5e87bad3c948f4d605d)
Start importing Packages/com.ptc.vuforia.engine/Vuforia/Editor using Guid(cbecf958ea1734648953def7bbb87ccc) Importer(2089858483,b0f066a214c2f5e87bad3c948f4d605d) (ScriptedImporter) -> (artifact id: '29fb88d8fe911cfdc1a110fa1fde83c2') in 0.0188078 seconds
Number of updated asset objects reloaded before import = 0Number of asset objects unloaded after import = 1

========================================================================
Received Import Request.
  Time since last request: 0.000103 seconds.
  path: Packages/com.ptc.vuforia.engine/Vuforia/Materials/URP/DepthContourLine_URP.mat
  artifactKey: Guid(be2ec9b43492d427da3fa3a3587394df) Importer(2089858483,b0f066a214c2f5e87bad3c948f4d605d)
Start importing Packages/com.ptc.vuforia.engine/Vuforia/Materials/URP/DepthContourLine_URP.mat using Guid(be2ec9b43492d427da3fa3a3587394df) Importer(2089858483,b0f066a214c2f5e87bad3c948f4d605d) (ScriptedImporter) -> (artifact id: 'e3010690f3599dd74d537dbe829e1799') in 0.0202338 seconds
Number of updated asset objects reloaded before import = 0Number of asset objects unloaded after import = 1

========================================================================
Received Import Request.
  Time since last request: 0.000025 seconds.
  path: Packages/com.ptc.vuforia.engine/Vuforia/Scripts/Internal/ARFoundationIntegration
  artifactKey: Guid(eff573da33ccf49d9a812ac13bb6aa2d) Importer(2089858483,b0f066a214c2f5e87bad3c948f4d605d)
Start importing Packages/com.ptc.vuforia.engine/Vuforia/Scripts/Internal/ARFoundationIntegration using Guid(eff573da33ccf49d9a812ac13bb6aa2d) Importer(2089858483,b0f066a214c2f5e87bad3c948f4d605d) (ScriptedImporter) -> (artifact id: '24ac26ecf5b723fcd24f7d66e1592007') in 0.0211047 seconds
Number of updated asset objects reloaded before import = 0Number of asset objects unloaded after import = 1

========================================================================
Received Import Request.
  Time since last request: 0.000219 seconds.
  path: Packages/com.ptc.vuforia.engine/Vuforia/Editor/EditorResources/Licenses/lumin
  artifactKey: Guid(d4f25a03821d84f7c83eba62e5682594) Importer(2089858483,b0f066a214c2f5e87bad3c948f4d605d)
Start importing Packages/com.ptc.vuforia.engine/Vuforia/Editor/EditorResources/Licenses/lumin using Guid(d4f25a03821d84f7c83eba62e5682594) Importer(2089858483,b0f066a214c2f5e87bad3c948f4d605d) (ScriptedImporter) -> (artifact id: '9b459e3f1a9b0074c3090dd4d55892c1') in 0.0190806 seconds
Number of updated asset objects reloaded before import = 0Number of asset objects unloaded after import = 1

========================================================================
Received Import Request.
  Time since last request: 0.000494 seconds.
  path: Assets/Common/Icons/UWP/Square44x44Logo.targetsize-48.png
  artifactKey: Guid(41a64cc3991df9e438d22a31c2021c5e) Importer(2089858483,b0f066a214c2f5e87bad3c948f4d605d)
Start importing Assets/Common/Icons/UWP/Square44x44Logo.targetsize-48.png using Guid(41a64cc3991df9e438d22a31c2021c5e) Importer(2089858483,b0f066a214c2f5e87bad3c948f4d605d) (ScriptedImporter) -> (artifact id: '481c271b1eb7df3a755dbd7da3c641a0') in 0.0381494 seconds
Number of updated asset objects reloaded before import = 0Number of asset objects unloaded after import = 1

========================================================================
Received Import Request.
  Time since last request: 0.000033 seconds.
  path: Packages/com.ptc.vuforia.engine/Vuforia/Editor/EditorResources/Licenses/windows/license_3rdpartynotice.txt
  artifactKey: Guid(c6f3cce7e97654504b7695c19005c272) Importer(2089858483,b0f066a214c2f5e87bad3c948f4d605d)
Start importing Packages/com.ptc.vuforia.engine/Vuforia/Editor/EditorResources/Licenses/windows/license_3rdpartynotice.txt using Guid(c6f3cce7e97654504b7695c19005c272) Importer(2089858483,b0f066a214c2f5e87bad3c948f4d605d) (ScriptedImporter) -> (artifact id: 'f589f69688c2dcacae98d28e35b6ea35') in 0.019049 seconds
Number of updated asset objects reloaded before import = 0Number of asset objects unloaded after import = 1

========================================================================
Received Import Request.
  Time since last request: 0.000071 seconds.
  path: Packages/com.ptc.vuforia.engine/Vuforia/Shaders/Built-In/VuforiaVB_YUV420P_YUVYV12.cginc
  artifactKey: Guid(8cf05ebc034d34b81b2908353d8b1029) Importer(2089858483,b0f066a214c2f5e87bad3c948f4d605d)
Start importing Packages/com.ptc.vuforia.engine/Vuforia/Shaders/Built-In/VuforiaVB_YUV420P_YUVYV12.cginc using Guid(8cf05ebc034d34b81b2908353d8b1029) Importer(2089858483,b0f066a214c2f5e87bad3c948f4d605d) (ScriptedImporter) -> (artifact id: 'fa716a2c1a21c0911311e28674fc8c32') in 0.0259387 seconds
Number of updated asset objects reloaded before import = 0Number of asset objects unloaded after import = 1

========================================================================
Received Import Request.
  Time since last request: 0.000196 seconds.
  path: Packages/com.ptc.vuforia.engine/Tests/Editor
  artifactKey: Guid(251674b15743b4dc384451a994b45729) Importer(2089858483,b0f066a214c2f5e87bad3c948f4d605d)
Start importing Packages/com.ptc.vuforia.engine/Tests/Editor using Guid(251674b15743b4dc384451a994b45729) Importer(2089858483,b0f066a214c2f5e87bad3c948f4d605d) (ScriptedImporter) -> (artifact id: 'c4fba7a48a479f172d0c4e8bc790ee53') in 0.0181761 seconds
Number of updated asset objects reloaded before import = 0Number of asset objects unloaded after import = 1

========================================================================
Received Import Request.
  Time since last request: 0.000032 seconds.
  path: Packages/com.ptc.vuforia.engine/Vuforia/Databases/ForPrint/Emulator/Emulator Ground Plane.pdf
  artifactKey: Guid(6daafcd4686925745b97ae49e802fd88) Importer(2089858483,b0f066a214c2f5e87bad3c948f4d605d)
Start importing Packages/com.ptc.vuforia.engine/Vuforia/Databases/ForPrint/Emulator/Emulator Ground Plane.pdf using Guid(6daafcd4686925745b97ae49e802fd88) Importer(2089858483,b0f066a214c2f5e87bad3c948f4d605d) (ScriptedImporter) -> (artifact id: 'a2d4a8ed3018db4f4a59fbba5e12230e') in 0.0202508 seconds
Number of updated asset objects reloaded before import = 0Number of asset objects unloaded after import = 1

========================================================================
Received Import Request.
  Time since last request: 0.000029 seconds.
  path: Assets/Common/Icons/UWP/Square44x44Logo.scale-100.png
  artifactKey: Guid(05c52f9c5a216444c868677a0e02efb2) Importer(2089858483,b0f066a214c2f5e87bad3c948f4d605d)
Start importing Assets/Common/Icons/UWP/Square44x44Logo.scale-100.png using Guid(05c52f9c5a216444c868677a0e02efb2) Importer(2089858483,b0f066a214c2f5e87bad3c948f4d605d) (ScriptedImporter) -> (artifact id: '51182fd5d4ada9530a4499b357786ca1') in 0.0275621 seconds
Number of updated asset objects reloaded before import = 0Number of asset objects unloaded after import = 1

========================================================================
Received Import Request.
  Time since last request: 0.000030 seconds.
  path: Assets/Common/Icons/iOS/Icon-128.png
  artifactKey: Guid(6278ff11915714cf4a571a49bbc59f8e) Importer(2089858483,b0f066a214c2f5e87bad3c948f4d605d)
Start importing Assets/Common/Icons/iOS/Icon-128.png using Guid(6278ff11915714cf4a571a49bbc59f8e) Importer(2089858483,b0f066a214c2f5e87bad3c948f4d605d) (ScriptedImporter) -> (artifact id: 'fc32989c99908cf855b7e91cf6a9c2ab') in 0.0305879 seconds
Number of updated asset objects reloaded before import = 0Number of asset objects unloaded after import = 3

========================================================================
Received Import Request.
  Time since last request: 0.000035 seconds.
  path: Assets/Common/Icons/UWP/SmallTile.scale-400.png
  artifactKey: Guid(1c8ce7520d267cb4f8ac7faaf9fbf17f) Importer(2089858483,b0f066a214c2f5e87bad3c948f4d605d)
Start importing Assets/Common/Icons/UWP/SmallTile.scale-400.png using Guid(1c8ce7520d267cb4f8ac7faaf9fbf17f) Importer(2089858483,b0f066a214c2f5e87bad3c948f4d605d) (ScriptedImporter) -> (artifact id: '622a5de2603655d277e8e4427659f1ad') in 0.0352832 seconds
Number of updated asset objects reloaded before import = 0Number of asset objects unloaded after import = 1

========================================================================
Received Import Request.
  Time since last request: 0.000946 seconds.
  path: Packages/com.unity.nuget.newtonsoft-json/Runtime/Newtonsoft.Json.pdb
  artifactKey: Guid(7d34f3cc1c0185b4990cf748e55a8688) Importer(2089858483,b0f066a214c2f5e87bad3c948f4d605d)
Start importing Packages/com.unity.nuget.newtonsoft-json/Runtime/Newtonsoft.Json.pdb using Guid(7d34f3cc1c0185b4990cf748e55a8688) Importer(2089858483,b0f066a214c2f5e87bad3c948f4d605d) (ScriptedImporter) -> (artifact id: '2abb7cc99c09843200da58472f31c55d') in 0.0221597 seconds
Number of updated asset objects reloaded before import = 0Number of asset objects unloaded after import = 1

========================================================================
Received Import Request.
  Time since last request: 0.000176 seconds.
  path: Assets/Common/Icons/UWP/Square150x150Logo.scale-100.png
  artifactKey: Guid(7eca3d19b080dd544a88b979ec2afe03) Importer(2089858483,b0f066a214c2f5e87bad3c948f4d605d)
Start importing Assets/Common/Icons/UWP/Square150x150Logo.scale-100.png using Guid(7eca3d19b080dd544a88b979ec2afe03) Importer(2089858483,b0f066a214c2f5e87bad3c948f4d605d) (ScriptedImporter) -> (artifact id: '837f0c75a25c40b67a5a0efa3f252393') in 0.0305201 seconds
Number of updated asset objects reloaded before import = 0Number of asset objects unloaded after import = 1

========================================================================
Received Import Request.
  Time since last request: 0.000271 seconds.
  path: Assets/Common/Icons/iOS/Icon-80.png
  artifactKey: Guid(b36a145ee04964f5a8fbc998f53ad10f) Importer(2089858483,b0f066a214c2f5e87bad3c948f4d605d)
Start importing Assets/Common/Icons/iOS/Icon-80.png using Guid(b36a145ee04964f5a8fbc998f53ad10f) Importer(2089858483,b0f066a214c2f5e87bad3c948f4d605d) (ScriptedImporter) -> (artifact id: 'c9b88f67ebe60fd340eff52700f8dcd3') in 0.0306594 seconds
Number of updated asset objects reloaded before import = 0Number of asset objects unloaded after import = 3

========================================================================
Received Import Request.
  Time since last request: 0.000028 seconds.
  path: Packages/com.unity.nuget.newtonsoft-json/Runtime
  artifactKey: Guid(de1c7164adaf49d47b5de31c140713c9) Importer(2089858483,b0f066a214c2f5e87bad3c948f4d605d)
Start importing Packages/com.unity.nuget.newtonsoft-json/Runtime using Guid(de1c7164adaf49d47b5de31c140713c9) Importer(2089858483,b0f066a214c2f5e87bad3c948f4d605d) (ScriptedImporter) -> (artifact id: '21c43cb418e0b290c4e3f62a59508815') in 0.018862 seconds
Number of updated asset objects reloaded before import = 0Number of asset objects unloaded after import = 1

========================================================================
Received Import Request.
  Time since last request: 0.000068 seconds.
  path: Packages/com.ptc.vuforia.engine/Vuforia/Plugins/Managed/iOS/Vuforia.Unity.Engine.dll
  artifactKey: Guid(bab6fa851cf5a1a4bba3cec5f191cb8e) Importer(2089858483,b0f066a214c2f5e87bad3c948f4d605d)
Start importing Packages/com.ptc.vuforia.engine/Vuforia/Plugins/Managed/iOS/Vuforia.Unity.Engine.dll using Guid(bab6fa851cf5a1a4bba3cec5f191cb8e) Importer(2089858483,b0f066a214c2f5e87bad3c948f4d605d) (ScriptedImporter) -> (artifact id: '52154efa773673a0f052cd1031506fe2') in 0.0200791 seconds
Number of updated asset objects reloaded before import = 0Number of asset objects unloaded after import = 0

========================================================================
Received Import Request.
  Time since last request: 0.000391 seconds.
  path: Assets/Common/Icons/iOS/Icon-172.png
  artifactKey: Guid(9caa22d79a15a41e8affca63c0536a07) Importer(2089858483,b0f066a214c2f5e87bad3c948f4d605d)
Start importing Assets/Common/Icons/iOS/Icon-172.png using Guid(9caa22d79a15a41e8affca63c0536a07) Importer(2089858483,b0f066a214c2f5e87bad3c948f4d605d) (ScriptedImporter) -> (artifact id: 'c15d23c78755904f6ddc65f77983d477') in 0.0290171 seconds
Number of updated asset objects reloaded before import = 0Number of asset objects unloaded after import = 3

========================================================================
Received Import Request.
  Time since last request: 0.000035 seconds.
  path: Packages/com.ptc.vuforia.engine/Vuforia/Shaders/Built-In/PointSplat.shader
  artifactKey: Guid(f0cdd636d5bc14135920492010d44ed1) Importer(2089858483,b0f066a214c2f5e87bad3c948f4d605d)
Start importing Packages/com.ptc.vuforia.engine/Vuforia/Shaders/Built-In/PointSplat.shader using Guid(f0cdd636d5bc14135920492010d44ed1) Importer(2089858483,b0f066a214c2f5e87bad3c948f4d605d) (ScriptedImporter) -> (artifact id: '41094609d41c7ae72bf0d0693cd8b08d') in 0.0217631 seconds
Number of updated asset objects reloaded before import = 0Number of asset objects unloaded after import = 1

========================================================================
Received Import Request.
  Time since last request: 0.000063 seconds.
  path: Packages/com.ptc.vuforia.engine/Vuforia/Plugins/UWP
  artifactKey: Guid(68f3b57f04ec02542a29fc1590261437) Importer(2089858483,b0f066a214c2f5e87bad3c948f4d605d)
Start importing Packages/com.ptc.vuforia.engine/Vuforia/Plugins/UWP using Guid(68f3b57f04ec02542a29fc1590261437) Importer(2089858483,b0f066a214c2f5e87bad3c948f4d605d) (ScriptedImporter) -> (artifact id: 'ccfee6c6668db2a5fb597db9ce1eb402') in 0.0169807 seconds
Number of updated asset objects reloaded before import = 0Number of asset objects unloaded after import = 1

========================================================================
Received Import Request.
  Time since last request: 0.000089 seconds.
  path: Packages/com.ptc.vuforia.engine/Vuforia/Materials/URP/BarcodeOutlineMaterial_URP.mat
  artifactKey: Guid(94257c524bead472cb0a3e2d584e093e) Importer(2089858483,b0f066a214c2f5e87bad3c948f4d605d)
Start importing Packages/com.ptc.vuforia.engine/Vuforia/Materials/URP/BarcodeOutlineMaterial_URP.mat using Guid(94257c524bead472cb0a3e2d584e093e) Importer(2089858483,b0f066a214c2f5e87bad3c948f4d605d) (ScriptedImporter) -> (artifact id: 'd3e96b9d44b73ce91516f9a0d80bf824') in 0.0315235 seconds
Number of updated asset objects reloaded before import = 0Number of asset objects unloaded after import = 2

========================================================================
Received Import Request.
  Time since last request: 0.000051 seconds.
  path: Packages/com.ptc.vuforia.engine/Vuforia/Prefabs/DefaultPlaneIndicator.prefab
  artifactKey: Guid(b9ed12c68682d5b49bfa70ee9d71602d) Importer(2089858483,b0f066a214c2f5e87bad3c948f4d605d)
Start importing Packages/com.ptc.vuforia.engine/Vuforia/Prefabs/DefaultPlaneIndicator.prefab using Guid(b9ed12c68682d5b49bfa70ee9d71602d) Importer(2089858483,b0f066a214c2f5e87bad3c948f4d605d) (ScriptedImporter) -> (artifact id: '9e1fcdc27de0ea199ec1f709afc2f5e9') in 0.0286873 seconds
Number of updated asset objects reloaded before import = 0Number of asset objects unloaded after import = 9

========================================================================
Received Import Request.
  Time since last request: 0.000027 seconds.
  path: Packages/com.unity.nuget.newtonsoft-json/Third Party Notices.md
  artifactKey: Guid(9422d9b1fde3cf644b4a0dddd10a7348) Importer(2089858483,b0f066a214c2f5e87bad3c948f4d605d)
Start importing Packages/com.unity.nuget.newtonsoft-json/Third Party Notices.md using Guid(9422d9b1fde3cf644b4a0dddd10a7348) Importer(2089858483,b0f066a214c2f5e87bad3c948f4d605d) (ScriptedImporter) -> (artifact id: '73e1c0b7bd0228cfc5c827329cda63ae') in 0.0159422 seconds
Number of updated asset objects reloaded before import = 0Number of asset objects unloaded after import = 1

========================================================================
Received Import Request.
  Time since last request: 0.000103 seconds.
  path: Assets/Editor/Vuforia/ForPrint/target_astronaut_USLetter.pdf
  artifactKey: Guid(bebdeb37fe7a74c8f9bf63c01c1c2be4) Importer(2089858483,b0f066a214c2f5e87bad3c948f4d605d)
Start importing Assets/Editor/Vuforia/ForPrint/target_astronaut_USLetter.pdf using Guid(bebdeb37fe7a74c8f9bf63c01c1c2be4) Importer(2089858483,b0f066a214c2f5e87bad3c948f4d605d) (ScriptedImporter) -> (artifact id: 'a3f2728fd67bd02d79a6fa28dbf23328') in 0.0207088 seconds
Number of updated asset objects reloaded before import = 0Number of asset objects unloaded after import = 1

========================================================================
Received Import Request.
  Time since last request: 0.000068 seconds.
  path: Assets/Common/Icons/Android/Icon-144.png
  artifactKey: Guid(fe689abc1067e4869a58c87d14482078) Importer(2089858483,b0f066a214c2f5e87bad3c948f4d605d)
Start importing Assets/Common/Icons/Android/Icon-144.png using Guid(fe689abc1067e4869a58c87d14482078) Importer(2089858483,b0f066a214c2f5e87bad3c948f4d605d) (ScriptedImporter) -> (artifact id: '365ecff76c89d8013d24c6a9db0ef52f') in 0.0244224 seconds
Number of updated asset objects reloaded before import = 0Number of asset objects unloaded after import = 3

========================================================================
Received Import Request.
  Time since last request: 0.000023 seconds.
  path: Assets/Common/Icons/UWP/Square150x150Logo.scale-200.png
  artifactKey: Guid(a771727a661b21f4ebfeb8e45ebf91f2) Importer(2089858483,b0f066a214c2f5e87bad3c948f4d605d)
Start importing Assets/Common/Icons/UWP/Square150x150Logo.scale-200.png using Guid(a771727a661b21f4ebfeb8e45ebf91f2) Importer(2089858483,b0f066a214c2f5e87bad3c948f4d605d) (ScriptedImporter) -> (artifact id: '3782505cbddd12d053ecabd7cbaf3eda') in 0.0315433 seconds
Number of updated asset objects reloaded before import = 0Number of asset objects unloaded after import = 1

========================================================================
Received Import Request.
  Time since last request: 0.000072 seconds.
  path: Assets/Common/Icons/UWP/Wide310x150Logo.scale-150.png
  artifactKey: Guid(9d5211ed26764d54b9ea824f8539e34f) Importer(2089858483,b0f066a214c2f5e87bad3c948f4d605d)
Start importing Assets/Common/Icons/UWP/Wide310x150Logo.scale-150.png using Guid(9d5211ed26764d54b9ea824f8539e34f) Importer(2089858483,b0f066a214c2f5e87bad3c948f4d605d) (ScriptedImporter) -> (artifact id: 'da230cfda697338da1e9c408b62316ef') in 0.0233768 seconds
Number of updated asset objects reloaded before import = 0Number of asset objects unloaded after import = 1

========================================================================
Received Import Request.
  Time since last request: 0.000141 seconds.
  path: Assets/Common/Icons/UWP/SmallTile.scale-125.png
  artifactKey: Guid(74d8c75cf87c180459b9d7f0ba4ff263) Importer(2089858483,b0f066a214c2f5e87bad3c948f4d605d)
Start importing Assets/Common/Icons/UWP/SmallTile.scale-125.png using Guid(74d8c75cf87c180459b9d7f0ba4ff263) Importer(2089858483,b0f066a214c2f5e87bad3c948f4d605d) (ScriptedImporter) -> (artifact id: 'ef54e6aa9f0b23fa88b8f4172ab55d8f') in 0.0201986 seconds
Number of updated asset objects reloaded before import = 0Number of asset objects unloaded after import = 1

========================================================================
Received Import Request.
  Time since last request: 0.000022 seconds.
  path: Packages/com.ptc.vuforia.engine/Vuforia/Databases/Emulator/VuforiaEmulator.dat
  artifactKey: Guid(028d433ce54ebfb4091e1df641b8aabb) Importer(2089858483,b0f066a214c2f5e87bad3c948f4d605d)
Start importing Packages/com.ptc.vuforia.engine/Vuforia/Databases/Emulator/VuforiaEmulator.dat using Guid(028d433ce54ebfb4091e1df641b8aabb) Importer(2089858483,b0f066a214c2f5e87bad3c948f4d605d) (ScriptedImporter) -> (artifact id: '77decc3418f921c6420916317156666c') in 0.0197845 seconds
Number of updated asset objects reloaded before import = 0Number of asset objects unloaded after import = 1

========================================================================
Received Import Request.
  Time since last request: 0.000064 seconds.
  path: Packages/com.ptc.vuforia.engine/Vuforia/Materials/Built-In/GroundPlaneIndicator.mat
  artifactKey: Guid(1d214ea2059394d59a1960df0cad1c62) Importer(2089858483,b0f066a214c2f5e87bad3c948f4d605d)
Start importing Packages/com.ptc.vuforia.engine/Vuforia/Materials/Built-In/GroundPlaneIndicator.mat using Guid(1d214ea2059394d59a1960df0cad1c62) Importer(2089858483,b0f066a214c2f5e87bad3c948f4d605d) (ScriptedImporter) -> (artifact id: '599ddfbcbc9271c516a0c72f24dd1a52') in 0.0298163 seconds
Number of updated asset objects reloaded before import = 0Number of asset objects unloaded after import = 2

========================================================================
Received Import Request.
  Time since last request: 0.000020 seconds.
  path: Packages/com.ptc.vuforia.engine/Vuforia/Shaders/Legacy/VuforiaVB_RGB.cginc
  artifactKey: Guid(2ad47d0e0862d6148a08774c4e401811) Importer(2089858483,b0f066a214c2f5e87bad3c948f4d605d)
Start importing Packages/com.ptc.vuforia.engine/Vuforia/Shaders/Legacy/VuforiaVB_RGB.cginc using Guid(2ad47d0e0862d6148a08774c4e401811) Importer(2089858483,b0f066a214c2f5e87bad3c948f4d605d) (ScriptedImporter) -> (artifact id: 'f0e5133bf2a96c419c168fb46d40a10f') in 0.0167144 seconds
Number of updated asset objects reloaded before import = 0Number of asset objects unloaded after import = 1

========================================================================
Received Import Request.
  Time since last request: 0.000026 seconds.
  path: Assets/Common/Icons/iOS/Icon-58.png
  artifactKey: Guid(753491ea5c3de4f928409d7f8e96b80b) Importer(2089858483,b0f066a214c2f5e87bad3c948f4d605d)
Start importing Assets/Common/Icons/iOS/Icon-58.png using Guid(753491ea5c3de4f928409d7f8e96b80b) Importer(2089858483,b0f066a214c2f5e87bad3c948f4d605d) (ScriptedImporter) -> (artifact id: 'b92efaa579b0ae8e70c935d1e485f1ae') in 0.0258559 seconds
Number of updated asset objects reloaded before import = 0Number of asset objects unloaded after import = 3

========================================================================
Received Import Request.
  Time since last request: 0.000030 seconds.
  path: Assets/New Folder
  artifactKey: Guid(15a9d2afb7ae1484a9878bb76999ddc4) Importer(815301076,1909f56bfc062723c751e8b465ee728b)
Start importing Assets/New Folder using Guid(15a9d2afb7ae1484a9878bb76999ddc4) Importer(815301076,1909f56bfc062723c751e8b465ee728b) (PreviewImporter) -> (artifact id: 'b9b14ba15ee19594a040f65f3e76b039') in 0.0010052 seconds
Number of updated asset objects reloaded before import = 0Number of asset objects unloaded after import = 0

========================================================================
Received Import Request.
  Time since last request: 0.000073 seconds.
  path: Packages/com.ptc.vuforia.engine/Vuforia/Editor/EditorResources/Licenses/macos/license_3rdpartynotice.txt
  artifactKey: Guid(d71eba6e3b44f414eb271118baa461c1) Importer(2089858483,b0f066a214c2f5e87bad3c948f4d605d)
Start importing Packages/com.ptc.vuforia.engine/Vuforia/Editor/EditorResources/Licenses/macos/license_3rdpartynotice.txt using Guid(d71eba6e3b44f414eb271118baa461c1) Importer(2089858483,b0f066a214c2f5e87bad3c948f4d605d) (ScriptedImporter) -> (artifact id: '829ab2df0ab44dbc6cb08fd6d24ce411') in 0.0177368 seconds
Number of updated asset objects reloaded before import = 0Number of asset objects unloaded after import = 1

========================================================================
Received Import Request.
  Time since last request: 0.000097 seconds.
  path: Assets/Common/Icons/Android/AdaptiveIcons/ForeGround_x108.png
  artifactKey: Guid(71bdaccaa006c43bf9b5eaa2ef7bad56) Importer(2089858483,b0f066a214c2f5e87bad3c948f4d605d)
Start importing Assets/Common/Icons/Android/AdaptiveIcons/ForeGround_x108.png using Guid(71bdaccaa006c43bf9b5eaa2ef7bad56) Importer(2089858483,b0f066a214c2f5e87bad3c948f4d605d) (ScriptedImporter) -> (artifact id: 'cd35ecff964dee9ade3546b888088a88') in 0.0247474 seconds
Number of updated asset objects reloaded before import = 0Number of asset objects unloaded after import = 3

========================================================================
Received Import Request.
  Time since last request: 0.000023 seconds.
  path: Packages/com.ptc.vuforia.engine/Vuforia/Materials/URP
  artifactKey: Guid(c3b15182fe85f4bbba0e0bd15e0a2526) Importer(2089858483,b0f066a214c2f5e87bad3c948f4d605d)
Start importing Packages/com.ptc.vuforia.engine/Vuforia/Materials/URP using Guid(c3b15182fe85f4bbba0e0bd15e0a2526) Importer(2089858483,b0f066a214c2f5e87bad3c948f4d605d) (ScriptedImporter) -> (artifact id: 'b72fa671dc2411cd33d57db40a418790') in 0.0174037 seconds
Number of updated asset objects reloaded before import = 0Number of asset objects unloaded after import = 1

========================================================================
Received Import Request.
  Time since last request: 0.000039 seconds.
  path: Packages/com.ptc.vuforia.engine/Vuforia/Scripts/DefaultValidationEventHandler.cs
  artifactKey: Guid(8447be70d8958498b92d7214059c1c31) Importer(2089858483,b0f066a214c2f5e87bad3c948f4d605d)
Start importing Packages/com.ptc.vuforia.engine/Vuforia/Scripts/DefaultValidationEventHandler.cs using Guid(8447be70d8958498b92d7214059c1c31) Importer(2089858483,b0f066a214c2f5e87bad3c948f4d605d) (ScriptedImporter) -> (artifact id: 'c50c8db2382464c562a8cea53df8b5f7') in 0.0175152 seconds
Number of updated asset objects reloaded before import = 0Number of asset objects unloaded after import = 0

========================================================================
Received Import Request.
  Time since last request: 0.000173 seconds.
  path: Packages/com.ptc.vuforia.engine/Vuforia/Sprites/stop_record_icon.png
  artifactKey: Guid(19e91bdeab61f45539cbccbcdfb6ce38) Importer(2089858483,b0f066a214c2f5e87bad3c948f4d605d)
Start importing Packages/com.ptc.vuforia.engine/Vuforia/Sprites/stop_record_icon.png using Guid(19e91bdeab61f45539cbccbcdfb6ce38) Importer(2089858483,b0f066a214c2f5e87bad3c948f4d605d) (ScriptedImporter) -> (artifact id: '0690691118796915f6c351fd9a32be84') in 0.0283508 seconds
Number of updated asset objects reloaded before import = 0Number of asset objects unloaded after import = 3

========================================================================
Received Import Request.
  Time since last request: 1.228461 seconds.
  path: Packages/com.unity.nuget.newtonsoft-json/Runtime/Newtonsoft.Json.xml
  artifactKey: Guid(fed01095b990a354289891ead909238f) Importer(2089858483,b0f066a214c2f5e87bad3c948f4d605d)
Start importing Packages/com.unity.nuget.newtonsoft-json/Runtime/Newtonsoft.Json.xml using Guid(fed01095b990a354289891ead909238f) Importer(2089858483,b0f066a214c2f5e87bad3c948f4d605d) (ScriptedImporter) -> (artifact id: 'ca7d324ee6f5e23da8ecd69d7e3be650') in 0.0294407 seconds
Number of updated asset objects reloaded before import = 0Number of asset objects unloaded after import = 1

========================================================================
Received Import Request.
  Time since last request: 0.000025 seconds.
  path: Packages/com.ptc.vuforia.engine/Vuforia/Editor/Scripts/VuforiaEditorScripts.asmdef
  artifactKey: Guid(bc72f8689eefa484699b4ed79b36553d) Importer(2089858483,b0f066a214c2f5e87bad3c948f4d605d)
Start importing Packages/com.ptc.vuforia.engine/Vuforia/Editor/Scripts/VuforiaEditorScripts.asmdef using Guid(bc72f8689eefa484699b4ed79b36553d) Importer(2089858483,b0f066a214c2f5e87bad3c948f4d605d) (ScriptedImporter) -> (artifact id: 'fb9013d487c04ecd3f7239043b376e09') in 0.037786 seconds
Number of updated asset objects reloaded before import = 0Number of asset objects unloaded after import = 1

========================================================================
Received Import Request.
  Time since last request: 0.000042 seconds.
  path: Packages/com.ptc.vuforia.engine/Vuforia/Materials/Built-In/MidAirIndicator.mat
  artifactKey: Guid(658ef14483bb4437baeced0fce0ae78a) Importer(2089858483,b0f066a214c2f5e87bad3c948f4d605d)
Start importing Packages/com.ptc.vuforia.engine/Vuforia/Materials/Built-In/MidAirIndicator.mat using Guid(658ef14483bb4437baeced0fce0ae78a) Importer(2089858483,b0f066a214c2f5e87bad3c948f4d605d) (ScriptedImporter) -> (artifact id: 'abb96fcd02869b0542cb11a825e69c1e') in 0.091639 seconds
Number of updated asset objects reloaded before import = 0Number of asset objects unloaded after import = 1

========================================================================
Received Import Request.
  Time since last request: 0.000027 seconds.
  path: Packages/com.ptc.vuforia.engine/Vuforia/Plugins/Managed/Editor/Vuforia.Unity.Editor.XML
  artifactKey: Guid(ca0293e82f33f844abf7b85bf3558d27) Importer(2089858483,b0f066a214c2f5e87bad3c948f4d605d)
Start importing Packages/com.ptc.vuforia.engine/Vuforia/Plugins/Managed/Editor/Vuforia.Unity.Editor.XML using Guid(ca0293e82f33f844abf7b85bf3558d27) Importer(2089858483,b0f066a214c2f5e87bad3c948f4d605d) (ScriptedImporter) -> (artifact id: '230d6eac40134d550eca358321ac882b') in 0.0206594 seconds
Number of updated asset objects reloaded before import = 0Number of asset objects unloaded after import = 1

========================================================================
Received Import Request.
  Time since last request: 0.000067 seconds.
  path: Packages/com.ptc.vuforia.engine/Vuforia/Prefabs/Variants/BarcodeReference_URP.prefab
  artifactKey: Guid(16b96fc533f45433cbb620af3083adcb) Importer(2089858483,b0f066a214c2f5e87bad3c948f4d605d)
Start importing Packages/com.ptc.vuforia.engine/Vuforia/Prefabs/Variants/BarcodeReference_URP.prefab using Guid(16b96fc533f45433cbb620af3083adcb) Importer(2089858483,b0f066a214c2f5e87bad3c948f4d605d) (ScriptedImporter) -> (artifact id: 'dd4195fb429654d8a68e6031a35932e3') in 0.0252031 seconds
Number of updated asset objects reloaded before import = 0Number of asset objects unloaded after import = 18

========================================================================
Received Import Request.
  Time since last request: 0.000028 seconds.
  path: Assets/Common/Icons/iOS/Icon-180.png
  artifactKey: Guid(73c9e6fc8fd374b119e143a8bc52bf28) Importer(2089858483,b0f066a214c2f5e87bad3c948f4d605d)
Start importing Assets/Common/Icons/iOS/Icon-180.png using Guid(73c9e6fc8fd374b119e143a8bc52bf28) Importer(2089858483,b0f066a214c2f5e87bad3c948f4d605d) (ScriptedImporter) -> (artifact id: '7635057d6a34ee871f9f5e3dfd50aa8a') in 0.0247117 seconds
Number of updated asset objects reloaded before import = 0Number of asset objects unloaded after import = 3

========================================================================
Received Import Request.
  Time since last request: 0.000028 seconds.
  path: Packages/com.ptc.vuforia.engine/Vuforia/Plugins/Managed/iOS
  artifactKey: Guid(d985307421e2e924dbd05112f4fa8dba) Importer(2089858483,b0f066a214c2f5e87bad3c948f4d605d)
Start importing Packages/com.ptc.vuforia.engine/Vuforia/Plugins/Managed/iOS using Guid(d985307421e2e924dbd05112f4fa8dba) Importer(2089858483,b0f066a214c2f5e87bad3c948f4d605d) (ScriptedImporter) -> (artifact id: '14cd7f706356d07d6d492588a2d19fad') in 0.0182874 seconds
Number of updated asset objects reloaded before import = 0Number of asset objects unloaded after import = 1

========================================================================
Received Import Request.
  Time since last request: 0.000044 seconds.
  path: Packages/com.ptc.vuforia.engine/Vuforia/Shaders/URP/DepthContourLine_URP.shader
  artifactKey: Guid(c656794fe2a93415cb453c4c706000be) Importer(2089858483,b0f066a214c2f5e87bad3c948f4d605d)
Start importing Packages/com.ptc.vuforia.engine/Vuforia/Shaders/URP/DepthContourLine_URP.shader using Guid(c656794fe2a93415cb453c4c706000be) Importer(2089858483,b0f066a214c2f5e87bad3c948f4d605d) (ScriptedImporter) -> (artifact id: '40612e27bc8079f93e1e8fd93760cfb8') in 0.0199138 seconds
Number of updated asset objects reloaded before import = 0Number of asset objects unloaded after import = 1

========================================================================
Received Import Request.
  Time since last request: 0.000035 seconds.
  path: Packages/com.unity.nuget.newtonsoft-json/Runtime/AOT/Newtonsoft.Json.pdb
  artifactKey: Guid(1396f5bdc432cd247ac75b97a31e4d1a) Importer(2089858483,b0f066a214c2f5e87bad3c948f4d605d)
Start importing Packages/com.unity.nuget.newtonsoft-json/Runtime/AOT/Newtonsoft.Json.pdb using Guid(1396f5bdc432cd247ac75b97a31e4d1a) Importer(2089858483,b0f066a214c2f5e87bad3c948f4d605d) (ScriptedImporter) -> (artifact id: 'ef2f14f2ff323759600ea6043275a4b9') in 0.018484 seconds
Number of updated asset objects reloaded before import = 0Number of asset objects unloaded after import = 1

========================================================================
Received Import Request.
  Time since last request: 0.000089 seconds.
  path: Packages/com.ptc.vuforia.engine/Vuforia/Plugins/Managed/Android/Vuforia.Unity.Engine.dll
  artifactKey: Guid(6a6b6bef66b30cf4da56a85e98aa9524) Importer(2089858483,b0f066a214c2f5e87bad3c948f4d605d)
Start importing Packages/com.ptc.vuforia.engine/Vuforia/Plugins/Managed/Android/Vuforia.Unity.Engine.dll using Guid(6a6b6bef66b30cf4da56a85e98aa9524) Importer(2089858483,b0f066a214c2f5e87bad3c948f4d605d) (ScriptedImporter) -> (artifact id: 'e9b5d6975c4dd54351499f4ee45f8785') in 0.0197543 seconds
Number of updated asset objects reloaded before import = 0Number of asset objects unloaded after import = 0

========================================================================
Received Import Request.
  Time since last request: 0.000113 seconds.
  path: Packages/com.ptc.vuforia.engine/Vuforia/Editor/EditorResources/Licenses/ios/readme_SDK.txt
  artifactKey: Guid(49ca1110dba2e46e080a1507976bc323) Importer(2089858483,b0f066a214c2f5e87bad3c948f4d605d)
Start importing Packages/com.ptc.vuforia.engine/Vuforia/Editor/EditorResources/Licenses/ios/readme_SDK.txt using Guid(49ca1110dba2e46e080a1507976bc323) Importer(2089858483,b0f066a214c2f5e87bad3c948f4d605d) (ScriptedImporter) -> (artifact id: 'ae4c206213e3babe1d1278c2102d0120') in 0.0152849 seconds
Number of updated asset objects reloaded before import = 0Number of asset objects unloaded after import = 1

========================================================================
Received Import Request.
  Time since last request: 0.000079 seconds.
  path: Packages/com.ptc.vuforia.engine/Vuforia/Resources/BuiltInRuntimeResourcesRegister.asset
  artifactKey: Guid(caeba6ecda451416c803389918ddea4a) Importer(2089858483,b0f066a214c2f5e87bad3c948f4d605d)
Start importing Packages/com.ptc.vuforia.engine/Vuforia/Resources/BuiltInRuntimeResourcesRegister.asset using Guid(caeba6ecda451416c803389918ddea4a) Importer(2089858483,b0f066a214c2f5e87bad3c948f4d605d) (ScriptedImporter) -> (artifact id: '6fed9e91d1c30aa6ba85b9d3303e0d51') in 0.0607112 seconds
Number of updated asset objects reloaded before import = 0Number of asset objects unloaded after import = 453

========================================================================
Received Import Request.
  Time since last request: 0.000030 seconds.
  path: Packages/com.ptc.vuforia.engine/Vuforia/Sprites/clean_storage_pressed_icon.png
  artifactKey: Guid(f19ffa5b1cfba46e5aee7af994478d93) Importer(2089858483,b0f066a214c2f5e87bad3c948f4d605d)
Start importing Packages/com.ptc.vuforia.engine/Vuforia/Sprites/clean_storage_pressed_icon.png using Guid(f19ffa5b1cfba46e5aee7af994478d93) Importer(2089858483,b0f066a214c2f5e87bad3c948f4d605d) (ScriptedImporter) -> (artifact id: 'da83dfcce28b2d11fdf78d668c8a5a93') in 0.0234379 seconds
Number of updated asset objects reloaded before import = 0Number of asset objects unloaded after import = 3

========================================================================
Received Import Request.
  Time since last request: 0.000025 seconds.
  path: Packages/com.ptc.vuforia.engine/Vuforia/Editor/Scripts/DefaultObserverEventHandlerEditor.cs
  artifactKey: Guid(67354e3e18c2e46239528afe5866322b) Importer(2089858483,b0f066a214c2f5e87bad3c948f4d605d)
Start importing Packages/com.ptc.vuforia.engine/Vuforia/Editor/Scripts/DefaultObserverEventHandlerEditor.cs using Guid(67354e3e18c2e46239528afe5866322b) Importer(2089858483,b0f066a214c2f5e87bad3c948f4d605d) (ScriptedImporter) -> (artifact id: '8d2d2838ec29d60079d79cc307e08ee1') in 0.0146157 seconds
Number of updated asset objects reloaded before import = 0Number of asset objects unloaded after import = 0

========================================================================
Received Import Request.
  Time since last request: 0.000046 seconds.
  path: Packages/com.ptc.vuforia.engine/Vuforia/Shaders/Legacy/MeshVisualization.shader
  artifactKey: Guid(1f142737038b348428121b63e11bb0ba) Importer(2089858483,b0f066a214c2f5e87bad3c948f4d605d)
Start importing Packages/com.ptc.vuforia.engine/Vuforia/Shaders/Legacy/MeshVisualization.shader using Guid(1f142737038b348428121b63e11bb0ba) Importer(2089858483,b0f066a214c2f5e87bad3c948f4d605d) (ScriptedImporter) -> (artifact id: '44b317b75b85229524afa5c5481fba1c') in 0.0177483 seconds
Number of updated asset objects reloaded before import = 0Number of asset objects unloaded after import = 1

========================================================================
Received Import Request.
  Time since last request: 0.000024 seconds.
  path: Assets/Common/Icons/UWP/StoreLogo.scale-150.png
  artifactKey: Guid(27704801d32a1ae4986fe8b8f34dec44) Importer(2089858483,b0f066a214c2f5e87bad3c948f4d605d)
Start importing Assets/Common/Icons/UWP/StoreLogo.scale-150.png using Guid(27704801d32a1ae4986fe8b8f34dec44) Importer(2089858483,b0f066a214c2f5e87bad3c948f4d605d) (ScriptedImporter) -> (artifact id: '1a4b4c498c3ac8bc4c56c4a366507284') in 0.0232559 seconds
Number of updated asset objects reloaded before import = 0Number of asset objects unloaded after import = 1

========================================================================
Received Import Request.
  Time since last request: 0.000027 seconds.
  path: Packages/com.ptc.vuforia.engine/Vuforia/Materials/URP/GuideView2D_URP.mat
  artifactKey: Guid(39ef188fe90ea485e927a7d5768159d9) Importer(2089858483,b0f066a214c2f5e87bad3c948f4d605d)
Start importing Packages/com.ptc.vuforia.engine/Vuforia/Materials/URP/GuideView2D_URP.mat using Guid(39ef188fe90ea485e927a7d5768159d9) Importer(2089858483,b0f066a214c2f5e87bad3c948f4d605d) (ScriptedImporter) -> (artifact id: '4821aeda79e8f8d3c980502bb140ceba') in 0.0221286 seconds
Number of updated asset objects reloaded before import = 0Number of asset objects unloaded after import = 2

========================================================================
Received Import Request.
  Time since last request: 0.000024 seconds.
  path: Assets/Common/Icons/iOS/Icon-512.png
  artifactKey: Guid(d009bdac2bfb64f73a7d01d12af11139) Importer(2089858483,b0f066a214c2f5e87bad3c948f4d605d)
Start importing Assets/Common/Icons/iOS/Icon-512.png using Guid(d009bdac2bfb64f73a7d01d12af11139) Importer(2089858483,b0f066a214c2f5e87bad3c948f4d605d) (ScriptedImporter) -> (artifact id: 'fc28a7a3c306ff9864ba1a1410105db9') in 0.025491 seconds
Number of updated asset objects reloaded before import = 0Number of asset objects unloaded after import = 3

========================================================================
Received Import Request.
  Time since last request: 0.000029 seconds.
  path: Packages/com.ptc.vuforia.engine/Vuforia/Materials/URP/PointSplat_URP.mat
  artifactKey: Guid(0c11156b760b444e29d373bb81afc51d) Importer(2089858483,b0f066a214c2f5e87bad3c948f4d605d)
Start importing Packages/com.ptc.vuforia.engine/Vuforia/Materials/URP/PointSplat_URP.mat using Guid(0c11156b760b444e29d373bb81afc51d) Importer(2089858483,b0f066a214c2f5e87bad3c948f4d605d) (ScriptedImporter) -> (artifact id: 'cc72c562afb9d7dddec5e295a076996f') in 0.0175724 seconds
Number of updated asset objects reloaded before import = 0Number of asset objects unloaded after import = 1

========================================================================
Received Import Request.
  Time since last request: 0.000064 seconds.
  path: Assets/Common/Icons/UWP/Wide310x150Logo.scale-400.png
  artifactKey: Guid(ce3b068c63fb047449250bb59bb1c401) Importer(2089858483,b0f066a214c2f5e87bad3c948f4d605d)
Start importing Assets/Common/Icons/UWP/Wide310x150Logo.scale-400.png using Guid(ce3b068c63fb047449250bb59bb1c401) Importer(2089858483,b0f066a214c2f5e87bad3c948f4d605d) (ScriptedImporter) -> (artifact id: 'd4fc429c7db6dd5759382cedef2bf6d4') in 0.0214085 seconds
Number of updated asset objects reloaded before import = 0Number of asset objects unloaded after import = 1

========================================================================
Received Import Request.
  Time since last request: 0.000024 seconds.
  path: Packages/com.ptc.vuforia.engine/Vuforia/Shaders/Built-In/DepthContour.shader
  artifactKey: Guid(88d3b6b5cf364476ca39fcec255331b1) Importer(2089858483,b0f066a214c2f5e87bad3c948f4d605d)
Start importing Packages/com.ptc.vuforia.engine/Vuforia/Shaders/Built-In/DepthContour.shader using Guid(88d3b6b5cf364476ca39fcec255331b1) Importer(2089858483,b0f066a214c2f5e87bad3c948f4d605d) (ScriptedImporter) -> (artifact id: 'ff8d65ab8577680e3b19835f791bc041') in 0.0230877 seconds
Number of updated asset objects reloaded before import = 0Number of asset objects unloaded after import = 1

========================================================================
Received Import Request.
  Time since last request: 0.000037 seconds.
  path: Packages/com.ptc.vuforia.engine/Vuforia/Prefabs/Variants/ValidationAreaIcon_URP.prefab
  artifactKey: Guid(2b8096651f8ae465a9e85dd961c501ea) Importer(2089858483,b0f066a214c2f5e87bad3c948f4d605d)
Start importing Packages/com.ptc.vuforia.engine/Vuforia/Prefabs/Variants/ValidationAreaIcon_URP.prefab using Guid(2b8096651f8ae465a9e85dd961c501ea) Importer(2089858483,b0f066a214c2f5e87bad3c948f4d605d) (ScriptedImporter) -> (artifact id: '540a83fa2580a90c5cc4401985618585') in 0.0320482 seconds
Number of updated asset objects reloaded before import = 0Number of asset objects unloaded after import = 24

========================================================================
Received Import Request.
  Time since last request: 0.000029 seconds.
  path: Assets/Common/Icons/UWP/LargeTile.scale-100.png
  artifactKey: Guid(7178846d9e148114fa77596ba389de00) Importer(2089858483,b0f066a214c2f5e87bad3c948f4d605d)
Start importing Assets/Common/Icons/UWP/LargeTile.scale-100.png using Guid(7178846d9e148114fa77596ba389de00) Importer(2089858483,b0f066a214c2f5e87bad3c948f4d605d) (ScriptedImporter) -> (artifact id: '3ae7090e86c9d58c44fcc52023ceb2f4') in 0.0264952 seconds
Number of updated asset objects reloaded before import = 0Number of asset objects unloaded after import = 1

========================================================================
Received Import Request.
  Time since last request: 0.000094 seconds.
  path: Packages/com.ptc.vuforia.engine/Vuforia/Shaders/Built-In/VuforiaVB_YUVNV12_YUVNV21.cginc
  artifactKey: Guid(6a9125de971bc4958a26be2557758271) Importer(2089858483,b0f066a214c2f5e87bad3c948f4d605d)
Start importing Packages/com.ptc.vuforia.engine/Vuforia/Shaders/Built-In/VuforiaVB_YUVNV12_YUVNV21.cginc using Guid(6a9125de971bc4958a26be2557758271) Importer(2089858483,b0f066a214c2f5e87bad3c948f4d605d) (ScriptedImporter) -> (artifact id: 'e36b2c4fb35d15ec86ad1a21f68aa63f') in 0.0222015 seconds
Number of updated asset objects reloaded before import = 0Number of asset objects unloaded after import = 1

========================================================================
Received Import Request.
  Time since last request: 0.000064 seconds.
  path: Assets/Common/Icons/iOS/Icon-144.png
  artifactKey: Guid(fe2bd0f39a09244c993553fc1df45073) Importer(2089858483,b0f066a214c2f5e87bad3c948f4d605d)
Start importing Assets/Common/Icons/iOS/Icon-144.png using Guid(fe2bd0f39a09244c993553fc1df45073) Importer(2089858483,b0f066a214c2f5e87bad3c948f4d605d) (ScriptedImporter) -> (artifact id: '630543c0a7ef8efeb3f1711063ff5920') in 0.0255545 seconds
Number of updated asset objects reloaded before import = 0Number of asset objects unloaded after import = 3

========================================================================
Received Import Request.
  Time since last request: 0.000027 seconds.
  path: Packages/com.ptc.vuforia.engine/Vuforia/Materials/Built-In/CameraDiffuse.mat
  artifactKey: Guid(14e3774abd3b94e71ab6ccf8e94cbeb8) Importer(2089858483,b0f066a214c2f5e87bad3c948f4d605d)
Start importing Packages/com.ptc.vuforia.engine/Vuforia/Materials/Built-In/CameraDiffuse.mat using Guid(14e3774abd3b94e71ab6ccf8e94cbeb8) Importer(2089858483,b0f066a214c2f5e87bad3c948f4d605d) (ScriptedImporter) -> (artifact id: 'f78bc8fd90380afb5150f30045873601') in 0.0179526 seconds
Number of updated asset objects reloaded before import = 0Number of asset objects unloaded after import = 1

========================================================================
Received Import Request.
  Time since last request: 0.000032 seconds.
  path: Assets/Common/Icons/Android/AdaptiveIcons/ForeGround_x081.png
  artifactKey: Guid(626c896dc88974a9fb360ba573bb43e5) Importer(2089858483,b0f066a214c2f5e87bad3c948f4d605d)
Start importing Assets/Common/Icons/Android/AdaptiveIcons/ForeGround_x081.png using Guid(626c896dc88974a9fb360ba573bb43e5) Importer(2089858483,b0f066a214c2f5e87bad3c948f4d605d) (ScriptedImporter) -> (artifact id: '2bef2fd3e06116912d7aec826685c5a2') in 0.0219576 seconds
Number of updated asset objects reloaded before import = 0Number of asset objects unloaded after import = 3

========================================================================
Received Import Request.
  Time since last request: 0.000034 seconds.
  path: Assets/Common/Icons/iOS/Icon-114.png
  artifactKey: Guid(4425ccef1413140a09233e0eba47657d) Importer(2089858483,b0f066a214c2f5e87bad3c948f4d605d)
Start importing Assets/Common/Icons/iOS/Icon-114.png using Guid(4425ccef1413140a09233e0eba47657d) Importer(2089858483,b0f066a214c2f5e87bad3c948f4d605d) (ScriptedImporter) -> (artifact id: '060332e302eb060868e1d07c25c4367c') in 0.0252877 seconds
Number of updated asset objects reloaded before import = 0Number of asset objects unloaded after import = 3

========================================================================
Received Import Request.
  Time since last request: 0.000042 seconds.
  path: Assets/SamplesResources/AugmentationAssets/Textures/Astronaut/Materials/Astronaut_AO.mat
  artifactKey: Guid(c165210d65b792042aabe3a37061f5c1) Importer(2089858483,b0f066a214c2f5e87bad3c948f4d605d)
Start importing Assets/SamplesResources/AugmentationAssets/Textures/Astronaut/Materials/Astronaut_AO.mat using Guid(c165210d65b792042aabe3a37061f5c1) Importer(2089858483,b0f066a214c2f5e87bad3c948f4d605d) (ScriptedImporter) -> (artifact id: '736fa4ee3a76a6827055c0c02a9755fa') in 0.0201565 seconds
Number of updated asset objects reloaded before import = 0Number of asset objects unloaded after import = 2

========================================================================
Received Import Request.
  Time since last request: 0.000029 seconds.
  path: Assets/Common/Icons/UWP/Square44x44Logo.targetsize-16_altform-unplated.png
  artifactKey: Guid(b46dbb2062326e14a94aebdd2046677b) Importer(2089858483,b0f066a214c2f5e87bad3c948f4d605d)
Start importing Assets/Common/Icons/UWP/Square44x44Logo.targetsize-16_altform-unplated.png using Guid(b46dbb2062326e14a94aebdd2046677b) Importer(2089858483,b0f066a214c2f5e87bad3c948f4d605d) (ScriptedImporter) -> (artifact id: '89d1489a8dfa6bb048be5344f222d2f9') in 0.0207717 seconds
Number of updated asset objects reloaded before import = 0Number of asset objects unloaded after import = 1

========================================================================
Received Import Request.
  Time since last request: 0.000111 seconds.
  path: Packages/com.ptc.vuforia.engine/Vuforia/Shaders/Built-In/DepthMask.shader
  artifactKey: Guid(9894afa5f3a5e4bbca625981beb1b20e) Importer(2089858483,b0f066a214c2f5e87bad3c948f4d605d)
Start importing Packages/com.ptc.vuforia.engine/Vuforia/Shaders/Built-In/DepthMask.shader using Guid(9894afa5f3a5e4bbca625981beb1b20e) Importer(2089858483,b0f066a214c2f5e87bad3c948f4d605d) (ScriptedImporter) -> (artifact id: 'a80e784b49df6d10dc57003778d2234a') in 0.0194547 seconds
Number of updated asset objects reloaded before import = 0Number of asset objects unloaded after import = 1

========================================================================
Received Import Request.
  Time since last request: 0.000080 seconds.
  path: Packages/com.ptc.vuforia.engine/Vuforia/Plugins/OSXUniversal/universal/libFileDriver.dylib
  artifactKey: Guid(2fc49efc2c9ab4f6394f99afa0bcd947) Importer(2089858483,b0f066a214c2f5e87bad3c948f4d605d)
Start importing Packages/com.ptc.vuforia.engine/Vuforia/Plugins/OSXUniversal/universal/libFileDriver.dylib using Guid(2fc49efc2c9ab4f6394f99afa0bcd947) Importer(2089858483,b0f066a214c2f5e87bad3c948f4d605d) (ScriptedImporter) -> (artifact id: '59ce4e933e38088621ec918bc2675d9c') in 0.0202282 seconds
Number of updated asset objects reloaded before import = 0Number of asset objects unloaded after import = 0

========================================================================
Received Import Request.
  Time since last request: 0.000112 seconds.
  path: Packages/com.unity.nuget.newtonsoft-json/Runtime/Newtonsoft.Json.dll
  artifactKey: Guid(8c4bfcb5b17948478ccb955bccff9652) Importer(2089858483,b0f066a214c2f5e87bad3c948f4d605d)
Start importing Packages/com.unity.nuget.newtonsoft-json/Runtime/Newtonsoft.Json.dll using Guid(8c4bfcb5b17948478ccb955bccff9652) Importer(2089858483,b0f066a214c2f5e87bad3c948f4d605d) (ScriptedImporter) -> (artifact id: 'c3926a38a1e15cfc7d861789db87a29c') in 0.0168544 seconds
Number of updated asset objects reloaded before import = 0Number of asset objects unloaded after import = 0

========================================================================
Received Import Request.
  Time since last request: 0.000030 seconds.
  path: Packages/com.ptc.vuforia.engine/Vuforia/Materials/URP/UnlitTexture_URP.mat
  artifactKey: Guid(588a68088f1364b419f38a78121d3a3b) Importer(2089858483,b0f066a214c2f5e87bad3c948f4d605d)
Start importing Packages/com.ptc.vuforia.engine/Vuforia/Materials/URP/UnlitTexture_URP.mat using Guid(588a68088f1364b419f38a78121d3a3b) Importer(2089858483,b0f066a214c2f5e87bad3c948f4d605d) (ScriptedImporter) -> (artifact id: '882a6f912f48115a03f93833df9ebb32') in 0.0196887 seconds
Number of updated asset objects reloaded before import = 0Number of asset objects unloaded after import = 2

========================================================================
Received Import Request.
  Time since last request: 0.000049 seconds.
  path: Packages/com.ptc.vuforia.engine/Vuforia/Scripts/BoundingBoxRenderer.cs
  artifactKey: Guid(b0768a105a9bd48409a689214808185f) Importer(2089858483,b0f066a214c2f5e87bad3c948f4d605d)
Start importing Packages/com.ptc.vuforia.engine/Vuforia/Scripts/BoundingBoxRenderer.cs using Guid(b0768a105a9bd48409a689214808185f) Importer(2089858483,b0f066a214c2f5e87bad3c948f4d605d) (ScriptedImporter) -> (artifact id: '785f634702ca67352660682313fdcc8e') in 0.0170379 seconds
Number of updated asset objects reloaded before import = 0Number of asset objects unloaded after import = 0

========================================================================
Received Import Request.
  Time since last request: 0.000181 seconds.
  path: Assets/SamplesResources/InstantImageTarget
  artifactKey: Guid(152592e5a625dfa44aa96684bdea64f6) Importer(2089858483,b0f066a214c2f5e87bad3c948f4d605d)
Start importing Assets/SamplesResources/InstantImageTarget using Guid(152592e5a625dfa44aa96684bdea64f6) Importer(2089858483,b0f066a214c2f5e87bad3c948f4d605d) (ScriptedImporter) -> (artifact id: 'dfb2c6495ab3cd04424d2921ba577cc2') in 0.0172261 seconds
Number of updated asset objects reloaded before import = 0Number of asset objects unloaded after import = 1

========================================================================
Received Import Request.
  Time since last request: 1.888978 seconds.
  path: Assets/Image Targets
  artifactKey: Guid(15a9d2afb7ae1484a9878bb76999ddc4) Importer(815301076,1909f56bfc062723c751e8b465ee728b)
Start importing Assets/Image Targets using Guid(15a9d2afb7ae1484a9878bb76999ddc4) Importer(815301076,1909f56bfc062723c751e8b465ee728b) (PreviewImporter) -> (artifact id: 'c5f1df00941b4fe8b6420d7637af5330') in 0.0005998 seconds
Number of updated asset objects reloaded before import = 0Number of asset objects unloaded after import = 0

========================================================================
Received Import Request.
  Time since last request: 0.765957 seconds.
  path: Packages/com.unity.2d.sprite/Editor/ObjectMenuCreation/DefaultAssets/Textures/HexagonPointTop.png
  artifactKey: Guid(eed45a33cd08446c8b88325cf82fc52f) Importer(2089858483,b0f066a214c2f5e87bad3c948f4d605d)
Start importing Packages/com.unity.2d.sprite/Editor/ObjectMenuCreation/DefaultAssets/Textures/HexagonPointTop.png using Guid(eed45a33cd08446c8b88325cf82fc52f) Importer(2089858483,b0f066a214c2f5e87bad3c948f4d605d) (ScriptedImporter) -> (artifact id: '9934fc68f18c7762b996a60e51121167') in 0.0467902 seconds
Number of updated asset objects reloaded before import = 0Number of asset objects unloaded after import = 3

========================================================================
Received Import Request.
  Time since last request: 0.000022 seconds.
  path: Packages/com.unity.2d.tilemap/Editor/Icons/Tilemap.ShowGrid@4x.png
  artifactKey: Guid(b375422385f769844a35ff7743e8f1bb) Importer(2089858483,b0f066a214c2f5e87bad3c948f4d605d)
Start importing Packages/com.unity.2d.tilemap/Editor/Icons/Tilemap.ShowGrid@4x.png using Guid(b375422385f769844a35ff7743e8f1bb) Importer(2089858483,b0f066a214c2f5e87bad3c948f4d605d) (ScriptedImporter) -> (artifact id: '427596e49789eefc50e76ca4f8280d3f') in 0.0518163 seconds
Number of updated asset objects reloaded before import = 0Number of asset objects unloaded after import = 3

========================================================================
Received Import Request.
  Time since last request: 0.000024 seconds.
  path: Packages/com.unity.2d.sprite/Editor/SpriteEditorModule/SpriteFrameModule/SpriteFrameCapabilityWindow.cs
  artifactKey: Guid(8049a27562ef445baa89975bfd0f8bcb) Importer(2089858483,b0f066a214c2f5e87bad3c948f4d605d)
Start importing Packages/com.unity.2d.sprite/Editor/SpriteEditorModule/SpriteFrameModule/SpriteFrameCapabilityWindow.cs using Guid(8049a27562ef445baa89975bfd0f8bcb) Importer(2089858483,b0f066a214c2f5e87bad3c948f4d605d) (ScriptedImporter) -> (artifact id: '16878f56ad86e04376e36114b5d49de3') in 0.0212105 seconds
Number of updated asset objects reloaded before import = 0Number of asset objects unloaded after import = 0

========================================================================
Received Import Request.
  Time since last request: 3.183985 seconds.
  path: Assets/Image Targets
  artifactKey: Guid(15a9d2afb7ae1484a9878bb76999ddc4) Importer(2089858483,b0f066a214c2f5e87bad3c948f4d605d)
Start importing Assets/Image Targets using Guid(15a9d2afb7ae1484a9878bb76999ddc4) Importer(2089858483,b0f066a214c2f5e87bad3c948f4d605d) (ScriptedImporter) -> (artifact id: 'd71dd78fa9022ee2fc33c0f6b48f7aae') in 0.0287911 seconds
Number of updated asset objects reloaded before import = 0Number of asset objects unloaded after import = 1

========================================================================
Received Import Request.
  Time since last request: 1796.741120 seconds.
  path: Assets/SamplesResources/InstantImageTarget/Astronaut.jpg
  artifactKey: Guid(f0d9bcb0daf31468385cd551f205df5a) Importer(815301076,1909f56bfc062723c751e8b465ee728b)
Start importing Assets/SamplesResources/InstantImageTarget/Astronaut.jpg using Guid(f0d9bcb0daf31468385cd551f205df5a) Importer(815301076,1909f56bfc062723c751e8b465ee728b) (PreviewImporter) -> (artifact id: 'c1971ad226ccddca094ebaa0d9e92a7a') in 0.1815673 seconds
Number of updated asset objects reloaded before import = 0Number of asset objects unloaded after import = 3

========================================================================
Received Import Request.
  Time since last request: 0.009701 seconds.
  path: Assets/Common/Icons/Android/AdaptiveIcons/BackGround_x108.png
  artifactKey: Guid(aebd9fdb8f30d4d18b318f4312877849) Importer(815301076,1909f56bfc062723c751e8b465ee728b)
Start importing Assets/Common/Icons/Android/AdaptiveIcons/BackGround_x108.png using Guid(aebd9fdb8f30d4d18b318f4312877849) Importer(815301076,1909f56bfc062723c751e8b465ee728b) (PreviewImporter) -> (artifact id: '85d7e8b1ad106c47157fee27aaed4684') in 0.0334526 seconds
Number of updated asset objects reloaded before import = 0Number of asset objects unloaded after import = 3

========================================================================
Received Import Request.
  Time since last request: 0.000024 seconds.
  path: Assets/Common/Icons/Android/AdaptiveIcons/BackGround_x216.png
  artifactKey: Guid(ad05b3745e8844194bae1994e47cd9b3) Importer(815301076,1909f56bfc062723c751e8b465ee728b)
Start importing Assets/Common/Icons/Android/AdaptiveIcons/BackGround_x216.png using Guid(ad05b3745e8844194bae1994e47cd9b3) Importer(815301076,1909f56bfc062723c751e8b465ee728b) (PreviewImporter) -> (artifact id: '128540c60cafc04ac1ed4c7d2a09deff') in 0.0276499 seconds
Number of updated asset objects reloaded before import = 0Number of asset objects unloaded after import = 3

========================================================================
Received Import Request.
  Time since last request: 0.000024 seconds.
  path: Assets/Common/Icons/Android/AdaptiveIcons/BackGround_x324.png
  artifactKey: Guid(2c78137d6929a46249f124bad6c3c8a8) Importer(815301076,1909f56bfc062723c751e8b465ee728b)
Start importing Assets/Common/Icons/Android/AdaptiveIcons/BackGround_x324.png using Guid(2c78137d6929a46249f124bad6c3c8a8) Importer(815301076,1909f56bfc062723c751e8b465ee728b) (PreviewImporter) -> (artifact id: '105b7938ead81bc8bad73bc12dc5aac2') in 0.024407 seconds
Number of updated asset objects reloaded before import = 0Number of asset objects unloaded after import = 3

========================================================================
Received Import Request.
  Time since last request: 1.447891 seconds.
  path: Assets/Common/Icons/Android/AdaptiveIcons/BackGround_x432.png
  artifactKey: Guid(17890dd0942584ef7b1886ffc15250a1) Importer(815301076,1909f56bfc062723c751e8b465ee728b)
Start importing Assets/Common/Icons/Android/AdaptiveIcons/BackGround_x432.png using Guid(17890dd0942584ef7b1886ffc15250a1) Importer(815301076,1909f56bfc062723c751e8b465ee728b) (PreviewImporter) -> (artifact id: '977f794ccad2f5c27903ffd4259a04da') in 0.0282229 seconds
Number of updated asset objects reloaded before import = 0Number of asset objects unloaded after import = 3

========================================================================
Received Import Request.
  Time since last request: 0.000025 seconds.
  path: Assets/Common/Icons/Android/AdaptiveIcons/ForeGround_x108.png
  artifactKey: Guid(71bdaccaa006c43bf9b5eaa2ef7bad56) Importer(815301076,1909f56bfc062723c751e8b465ee728b)
Start importing Assets/Common/Icons/Android/AdaptiveIcons/ForeGround_x108.png using Guid(71bdaccaa006c43bf9b5eaa2ef7bad56) Importer(815301076,1909f56bfc062723c751e8b465ee728b) (PreviewImporter) -> (artifact id: '4e6bcd9688675b436829a5689ebbc00d') in 0.0247945 seconds
Number of updated asset objects reloaded before import = 0Number of asset objects unloaded after import = 3

========================================================================
Received Import Request.
  Time since last request: 0.000031 seconds.
  path: Assets/Common/Icons/Android/AdaptiveIcons/ForeGround_x216.png
  artifactKey: Guid(78781f500fd7e4133b37547cebfe0231) Importer(815301076,1909f56bfc062723c751e8b465ee728b)
Start importing Assets/Common/Icons/Android/AdaptiveIcons/ForeGround_x216.png using Guid(78781f500fd7e4133b37547cebfe0231) Importer(815301076,1909f56bfc062723c751e8b465ee728b) (PreviewImporter) -> (artifact id: 'ec48c1fe2e99d10b48aa5bd79f5b6a0c') in 0.0276394 seconds
Number of updated asset objects reloaded before import = 0Number of asset objects unloaded after import = 3

========================================================================
Received Import Request.
  Time since last request: 0.000037 seconds.
  path: Assets/Common/Icons/iOS/Icon-20.png
  artifactKey: Guid(f9da296bf616b458d98a63f8f7557004) Importer(815301076,1909f56bfc062723c751e8b465ee728b)
Start importing Assets/Common/Icons/iOS/Icon-20.png using Guid(f9da296bf616b458d98a63f8f7557004) Importer(815301076,1909f56bfc062723c751e8b465ee728b) (PreviewImporter) -> (artifact id: '019c08936f08a46424ff79d037c27d1f') in 0.0259087 seconds
Number of updated asset objects reloaded before import = 0Number of asset objects unloaded after import = 3

========================================================================
Received Import Request.
  Time since last request: 0.000023 seconds.
  path: Assets/Common/Icons/iOS/Icon-32.png
  artifactKey: Guid(11079caee622c4492a0a5e807f7873ab) Importer(815301076,1909f56bfc062723c751e8b465ee728b)
Start importing Assets/Common/Icons/iOS/Icon-32.png using Guid(11079caee622c4492a0a5e807f7873ab) Importer(815301076,1909f56bfc062723c751e8b465ee728b) (PreviewImporter) -> (artifact id: '113f74ffc2a09e60ea2d0299e826b513') in 0.0288453 seconds
Number of updated asset objects reloaded before import = 0Number of asset objects unloaded after import = 3

========================================================================
Received Import Request.
  Time since last request: 0.000069 seconds.
  path: Assets/Common/Icons/iOS/Icon-48.png
  artifactKey: Guid(5b6408b8fcc554852ba035c9cb16aad4) Importer(815301076,1909f56bfc062723c751e8b465ee728b)
Start importing Assets/Common/Icons/iOS/Icon-48.png using Guid(5b6408b8fcc554852ba035c9cb16aad4) Importer(815301076,1909f56bfc062723c751e8b465ee728b) (PreviewImporter) -> (artifact id: '2b742255bda2a846b81f9b389be67f2a') in 0.0269948 seconds
Number of updated asset objects reloaded before import = 0Number of asset objects unloaded after import = 3

========================================================================
Received Import Request.
  Time since last request: 0.000034 seconds.
  path: Assets/Common/Icons/iOS/Icon-40.png
  artifactKey: Guid(b3252f95d1a3a4cd58871ff4716e5d8b) Importer(815301076,1909f56bfc062723c751e8b465ee728b)
Start importing Assets/Common/Icons/iOS/Icon-40.png using Guid(b3252f95d1a3a4cd58871ff4716e5d8b) Importer(815301076,1909f56bfc062723c751e8b465ee728b) (PreviewImporter) -> (artifact id: '1759d3937b9c17a55e8644cbba044147') in 0.0258604 seconds
Number of updated asset objects reloaded before import = 0Number of asset objects unloaded after import = 3

========================================================================
Received Import Request.
  Time since last request: 0.076808 seconds.
  path: Assets/Common/Icons/Android/Icon-48.png
  artifactKey: Guid(6fae8ff752f494bacb3c562bed7dea2d) Importer(815301076,1909f56bfc062723c751e8b465ee728b)
Start importing Assets/Common/Icons/Android/Icon-48.png using Guid(6fae8ff752f494bacb3c562bed7dea2d) Importer(815301076,1909f56bfc062723c751e8b465ee728b) (PreviewImporter) -> (artifact id: '05742b358f128164b314f034585860b7') in 0.0125425 seconds
Number of updated asset objects reloaded before import = 0Number of asset objects unloaded after import = 3

========================================================================
Received Import Request.
  Time since last request: 0.034844 seconds.
  path: Assets/Common/Icons/iOS/Icon-55.png
  artifactKey: Guid(b17260949918c406b99342d1c02995ed) Importer(815301076,1909f56bfc062723c751e8b465ee728b)
Start importing Assets/Common/Icons/iOS/Icon-55.png using Guid(b17260949918c406b99342d1c02995ed) Importer(815301076,1909f56bfc062723c751e8b465ee728b) (PreviewImporter) -> (artifact id: '9272a7c8c41ea104c2b1d53726eecb98') in 0.1285078 seconds
Number of updated asset objects reloaded before import = 0Number of asset objects unloaded after import = 3

========================================================================
Received Import Request.
  Time since last request: 0.111704 seconds.
  path: Assets/Common/Icons/iOS/Icon-58.png
  artifactKey: Guid(753491ea5c3de4f928409d7f8e96b80b) Importer(815301076,1909f56bfc062723c751e8b465ee728b)
Start importing Assets/Common/Icons/iOS/Icon-58.png using Guid(753491ea5c3de4f928409d7f8e96b80b) Importer(815301076,1909f56bfc062723c751e8b465ee728b) (PreviewImporter) -> (artifact id: '0ff77fded5a43b7d5fc43dd85cefee3d') in 0.0236782 seconds
Number of updated asset objects reloaded before import = 0Number of asset objects unloaded after import = 3

========================================================================
Received Import Request.
  Time since last request: 0.000029 seconds.
  path: Assets/Common/Icons/iOS/Icon-72.png
  artifactKey: Guid(a60549db96b2842fe9035b4880bfa6bb) Importer(815301076,1909f56bfc062723c751e8b465ee728b)
Start importing Assets/Common/Icons/iOS/Icon-72.png using Guid(a60549db96b2842fe9035b4880bfa6bb) Importer(815301076,1909f56bfc062723c751e8b465ee728b) (PreviewImporter) -> (artifact id: '6e7d0d0c5a817e4c501978dd9f65dc9b') in 0.0242939 seconds
Number of updated asset objects reloaded before import = 0Number of asset objects unloaded after import = 3

========================================================================
Received Import Request.
  Time since last request: 0.000022 seconds.
  path: Assets/Common/Icons/Android/Icon-72.png
  artifactKey: Guid(d85ccead4ae714b0682b281b94267e7f) Importer(815301076,1909f56bfc062723c751e8b465ee728b)
Start importing Assets/Common/Icons/Android/Icon-72.png using Guid(d85ccead4ae714b0682b281b94267e7f) Importer(815301076,1909f56bfc062723c751e8b465ee728b) (PreviewImporter) -> (artifact id: 'f2c5b0549ebb6391f57927866e8064c8') in 0.0116515 seconds
Number of updated asset objects reloaded before import = 0Number of asset objects unloaded after import = 3

========================================================================
Received Import Request.
  Time since last request: 0.000021 seconds.
  path: Assets/Common/Icons/iOS/Icon-87.png
  artifactKey: Guid(dd034f60ad00b407089fd2248eb2bae0) Importer(815301076,1909f56bfc062723c751e8b465ee728b)
Start importing Assets/Common/Icons/iOS/Icon-87.png using Guid(dd034f60ad00b407089fd2248eb2bae0) Importer(815301076,1909f56bfc062723c751e8b465ee728b) (PreviewImporter) -> (artifact id: '488df4b8a85c290edf643cdf0880b8ac') in 0.0256091 seconds
Number of updated asset objects reloaded before import = 0Number of asset objects unloaded after import = 3

========================================================================
Received Import Request.
  Time since last request: 0.000026 seconds.
  path: Assets/Common/Icons/iOS/Icon-80.png
  artifactKey: Guid(b36a145ee04964f5a8fbc998f53ad10f) Importer(815301076,1909f56bfc062723c751e8b465ee728b)
Start importing Assets/Common/Icons/iOS/Icon-80.png using Guid(b36a145ee04964f5a8fbc998f53ad10f) Importer(815301076,1909f56bfc062723c751e8b465ee728b) (PreviewImporter) -> (artifact id: '07d7baa93289638a151238e300b1b388') in 0.0239415 seconds
Number of updated asset objects reloaded before import = 0Number of asset objects unloaded after import = 3

========================================================================
Received Import Request.
  Time since last request: 0.223378 seconds.
  path: Assets/Common/Icons/iOS/Icon-100.png
  artifactKey: Guid(65c4e7c74b99141b58dfa4d259a65444) Importer(815301076,1909f56bfc062723c751e8b465ee728b)
Start importing Assets/Common/Icons/iOS/Icon-100.png using Guid(65c4e7c74b99141b58dfa4d259a65444) Importer(815301076,1909f56bfc062723c751e8b465ee728b) (PreviewImporter) -> (artifact id: '211076e406726ba32b1a243db406332d') in 0.0235776 seconds
Number of updated asset objects reloaded before import = 0Number of asset objects unloaded after import = 3

========================================================================
Received Import Request.
  Time since last request: 0.000027 seconds.
  path: Assets/Common/Icons/iOS/Icon-120.png
  artifactKey: Guid(e5d044c008db542bf8371f7e7c91bb50) Importer(815301076,1909f56bfc062723c751e8b465ee728b)
Start importing Assets/Common/Icons/iOS/Icon-120.png using Guid(e5d044c008db542bf8371f7e7c91bb50) Importer(815301076,1909f56bfc062723c751e8b465ee728b) (PreviewImporter) -> (artifact id: '7eb9a54a9fbead4bbdc8e0862d53b4ef') in 0.0204325 seconds
Number of updated asset objects reloaded before import = 0Number of asset objects unloaded after import = 3

========================================================================
Received Import Request.
  Time since last request: 0.000027 seconds.
  path: Assets/Common/Icons/iOS/Icon-152.png
  artifactKey: Guid(6cb233dc65f0b459daf2ad80d17034da) Importer(815301076,1909f56bfc062723c751e8b465ee728b)
Start importing Assets/Common/Icons/iOS/Icon-152.png using Guid(6cb233dc65f0b459daf2ad80d17034da) Importer(815301076,1909f56bfc062723c751e8b465ee728b) (PreviewImporter) -> (artifact id: '8ee3cad06e831dd006604c057c4f77d9') in 0.0218604 seconds
Number of updated asset objects reloaded before import = 0Number of asset objects unloaded after import = 3

========================================================================
Received Import Request.
  Time since last request: 0.000023 seconds.
  path: Assets/Common/Icons/iOS/Icon-196.png
  artifactKey: Guid(38c9f8f898d5a461397639d3a61e1428) Importer(815301076,1909f56bfc062723c751e8b465ee728b)
Start importing Assets/Common/Icons/iOS/Icon-196.png using Guid(38c9f8f898d5a461397639d3a61e1428) Importer(815301076,1909f56bfc062723c751e8b465ee728b) (PreviewImporter) -> (artifact id: 'd70bf4be795e85a84aefcd224d54a8c6') in 0.0227994 seconds
Number of updated asset objects reloaded before import = 0Number of asset objects unloaded after import = 3

========================================================================
Received Import Request.
  Time since last request: 0.000027 seconds.
  path: Assets/Common/Icons/iOS/Icon-512.png
  artifactKey: Guid(d009bdac2bfb64f73a7d01d12af11139) Importer(815301076,1909f56bfc062723c751e8b465ee728b)
Start importing Assets/Common/Icons/iOS/Icon-512.png using Guid(d009bdac2bfb64f73a7d01d12af11139) Importer(815301076,1909f56bfc062723c751e8b465ee728b) (PreviewImporter) -> (artifact id: '18c72d412548997046444b5d743add6f') in 0.0262682 seconds
Number of updated asset objects reloaded before import = 0Number of asset objects unloaded after import = 3

========================================================================
Received Import Request.
  Time since last request: 0.000031 seconds.
  path: Assets/Common/Icons/iOS/Icon-1024.png
  artifactKey: Guid(50f07d81dcf4c4fbb8b2c326e7d4b6bb) Importer(815301076,1909f56bfc062723c751e8b465ee728b)
Start importing Assets/Common/Icons/iOS/Icon-1024.png using Guid(50f07d81dcf4c4fbb8b2c326e7d4b6bb) Importer(815301076,1909f56bfc062723c751e8b465ee728b) (PreviewImporter) -> (artifact id: '0766584597c08ab682ce5afd4457aa1d') in 0.0222164 seconds
Number of updated asset objects reloaded before import = 0Number of asset objects unloaded after import = 3

========================================================================
Received Import Request.
  Time since last request: 0.000026 seconds.
  path: Assets/Common/Icons/UWP/LargeTile.scale-150.png
  artifactKey: Guid(cbc78ebd8481d1348bb52ac89270c806) Importer(815301076,1909f56bfc062723c751e8b465ee728b)
Start importing Assets/Common/Icons/UWP/LargeTile.scale-150.png using Guid(cbc78ebd8481d1348bb52ac89270c806) Importer(815301076,1909f56bfc062723c751e8b465ee728b) (PreviewImporter) -> (artifact id: 'd732c9fc566c6f882ec7791237f113cd') in 0.0197393 seconds
Number of updated asset objects reloaded before import = 0Number of asset objects unloaded after import = 2

========================================================================
Received Import Request.
  Time since last request: 0.000041 seconds.
  path: Assets/Common/Icons/UWP/SmallTile.scale-100.png
  artifactKey: Guid(ed30e1100779be246bc70a1a3d6d870e) Importer(815301076,1909f56bfc062723c751e8b465ee728b)
Start importing Assets/Common/Icons/UWP/SmallTile.scale-100.png using Guid(ed30e1100779be246bc70a1a3d6d870e) Importer(815301076,1909f56bfc062723c751e8b465ee728b) (PreviewImporter) -> (artifact id: 'f6f45bc3b063ec2c61350e35b76107ed') in 0.0182375 seconds
Number of updated asset objects reloaded before import = 0Number of asset objects unloaded after import = 2

========================================================================
Received Import Request.
  Time since last request: 0.000027 seconds.
  path: Assets/Common/Icons/iOS/Icon-256.png
  artifactKey: Guid(8cc5cc8d395f8468aafd15f2aaebb14c) Importer(815301076,1909f56bfc062723c751e8b465ee728b)
Start importing Assets/Common/Icons/iOS/Icon-256.png using Guid(8cc5cc8d395f8468aafd15f2aaebb14c) Importer(815301076,1909f56bfc062723c751e8b465ee728b) (PreviewImporter) -> (artifact id: 'eb1817e28b623416b9b4e6eca59e9b86') in 0.0226867 seconds
Number of updated asset objects reloaded before import = 0Number of asset objects unloaded after import = 3

========================================================================
Received Import Request.
  Time since last request: 0.000023 seconds.
  path: Assets/Common/Icons/UWP/SmallTile.scale-125.png
  artifactKey: Guid(74d8c75cf87c180459b9d7f0ba4ff263) Importer(815301076,1909f56bfc062723c751e8b465ee728b)
Start importing Assets/Common/Icons/UWP/SmallTile.scale-125.png using Guid(74d8c75cf87c180459b9d7f0ba4ff263) Importer(815301076,1909f56bfc062723c751e8b465ee728b) (PreviewImporter) -> (artifact id: '96f5e3cddd3793d52f50ffde9bec3162') in 0.0177324 seconds
Number of updated asset objects reloaded before import = 0Number of asset objects unloaded after import = 2

========================================================================
Received Import Request.
  Time since last request: 0.000026 seconds.
  path: Assets/Common/Icons/UWP/SmallTile.scale-150.png
  artifactKey: Guid(51bc692c6beb5914b8d8c75c01d6ceee) Importer(815301076,1909f56bfc062723c751e8b465ee728b)
Start importing Assets/Common/Icons/UWP/SmallTile.scale-150.png using Guid(51bc692c6beb5914b8d8c75c01d6ceee) Importer(815301076,1909f56bfc062723c751e8b465ee728b) (PreviewImporter) -> (artifact id: 'd0a61cb32240b70b35639f5db8f4ca2e') in 0.02119 seconds
Number of updated asset objects reloaded before import = 0Number of asset objects unloaded after import = 2

========================================================================
Received Import Request.
  Time since last request: 0.000044 seconds.
  path: Assets/Common/Icons/iOS/Icon-144.png
  artifactKey: Guid(fe2bd0f39a09244c993553fc1df45073) Importer(815301076,1909f56bfc062723c751e8b465ee728b)
Start importing Assets/Common/Icons/iOS/Icon-144.png using Guid(fe2bd0f39a09244c993553fc1df45073) Importer(815301076,1909f56bfc062723c751e8b465ee728b) (PreviewImporter) -> (artifact id: 'eca7ca80140599a510524d85f4c8cd5d') in 0.0246895 seconds
Number of updated asset objects reloaded before import = 0Number of asset objects unloaded after import = 3

========================================================================
Received Import Request.
  Time since last request: 18.604240 seconds.
  path: Assets/Image Targets/175936.jpg
  artifactKey: Guid(5f2f2e983278bbf44a4ce9a97f5e6ad5) Importer(2089858483,b0f066a214c2f5e87bad3c948f4d605d)
Start importing Assets/Image Targets/175936.jpg using Guid(5f2f2e983278bbf44a4ce9a97f5e6ad5) Importer(2089858483,b0f066a214c2f5e87bad3c948f4d605d) (ScriptedImporter) -> (artifact id: '69ca7ecee7bd49cc05eb5a89af14913c') in 0.0240475 seconds
Number of updated asset objects reloaded before import = 0Number of asset objects unloaded after import = 1

========================================================================
Received Import Request.
  Time since last request: 5.183586 seconds.
  path: Assets/Image Targets/175936.jpg
  artifactKey: Guid(5f2f2e983278bbf44a4ce9a97f5e6ad5) Importer(815301076,1909f56bfc062723c751e8b465ee728b)
Start importing Assets/Image Targets/175936.jpg using Guid(5f2f2e983278bbf44a4ce9a97f5e6ad5) Importer(815301076,1909f56bfc062723c751e8b465ee728b) (PreviewImporter) -> (artifact id: 'bef7cc6adb8072d0ec7cda9d5dc615d9') in 0.0292024 seconds
Number of updated asset objects reloaded before import = 0Number of asset objects unloaded after import = 2

========================================================================
Received Import Request.
  Time since last request: 0.913848 seconds.
  path: Assets/Image Targets/175936.jpg
  artifactKey: Guid(5f2f2e983278bbf44a4ce9a97f5e6ad5) Importer(2089858483,b0f066a214c2f5e87bad3c948f4d605d)
Start importing Assets/Image Targets/175936.jpg using Guid(5f2f2e983278bbf44a4ce9a97f5e6ad5) Importer(2089858483,b0f066a214c2f5e87bad3c948f4d605d) (ScriptedImporter) -> (artifact id: 'f832174071df2415e3edc8a175b97c6e') in 0.0253332 seconds
Number of updated asset objects reloaded before import = 0Number of asset objects unloaded after import = 1

========================================================================
Received Import Request.
  Time since last request: 96.341605 seconds.
  path: Assets/Character_Cactus/animation/Cactus@Walk_Mec.FBX
  artifactKey: Guid(12970290330048940a51d6c4056702ce) Importer(2089858483,b0f066a214c2f5e87bad3c948f4d605d)
Start importing Assets/Character_Cactus/animation/Cactus@Walk_Mec.FBX using Guid(12970290330048940a51d6c4056702ce) Importer(2089858483,b0f066a214c2f5e87bad3c948f4d605d) (ScriptedImporter) -> (artifact id: '2650c41e4019695b3f9eac1e2158a4b6') in 0.0294669 seconds
Number of updated asset objects reloaded before import = 0Number of asset objects unloaded after import = 67

========================================================================
Received Import Request.
  Time since last request: 0.007537 seconds.
  path: Assets/Character_Cactus/animation
  artifactKey: Guid(b4248ddf90d95ac488313a3c72040a0a) Importer(2089858483,b0f066a214c2f5e87bad3c948f4d605d)
Start importing Assets/Character_Cactus/animation using Guid(b4248ddf90d95ac488313a3c72040a0a) Importer(2089858483,b0f066a214c2f5e87bad3c948f4d605d) (ScriptedImporter) -> (artifact id: 'b0abfe8e13dd9c0749d2de7e2fdd9fd5') in 0.0181832 seconds
Number of updated asset objects reloaded before import = 0Number of asset objects unloaded after import = 1

========================================================================
Received Import Request.
  Time since last request: 0.000063 seconds.
  path: Assets/Character_Cactus/animation/Cactus@Get_hit.FBX
  artifactKey: Guid(f3f4f50cc72e74b4b9d2fee93a74f23e) Importer(2089858483,b0f066a214c2f5e87bad3c948f4d605d)
Start importing Assets/Character_Cactus/animation/Cactus@Get_hit.FBX using Guid(f3f4f50cc72e74b4b9d2fee93a74f23e) Importer(2089858483,b0f066a214c2f5e87bad3c948f4d605d) (ScriptedImporter) -> (artifact id: 'afebd4f77c85d468d0546a5c3b243ac0') in 0.0403918 seconds
Number of updated asset objects reloaded before import = 0Number of asset objects unloaded after import = 67

========================================================================
Received Import Request.
  Time since last request: 0.000031 seconds.
  path: Assets/Character_Cactus/Texture/Сactus_specular.tga
  artifactKey: Guid(da0d541c4a819454696890f2ce56dfbf) Importer(2089858483,b0f066a214c2f5e87bad3c948f4d605d)
Start importing Assets/Character_Cactus/Texture/Сactus_specular.tga using Guid(da0d541c4a819454696890f2ce56dfbf) Importer(2089858483,b0f066a214c2f5e87bad3c948f4d605d) (ScriptedImporter) -> (artifact id: 'd4071c0af7c74a407c8d52e96831421b') in 0.0317565 seconds
Number of updated asset objects reloaded before import = 0Number of asset objects unloaded after import = 1

========================================================================
Received Import Request.
  Time since last request: 0.000027 seconds.
  path: Assets/Character_Cactus/Texture/Сactus_diffusePSD.psd
  artifactKey: Guid(cab7e213827cd1e42b1611942839aaf5) Importer(2089858483,b0f066a214c2f5e87bad3c948f4d605d)
Start importing Assets/Character_Cactus/Texture/Сactus_diffusePSD.psd using Guid(cab7e213827cd1e42b1611942839aaf5) Importer(2089858483,b0f066a214c2f5e87bad3c948f4d605d) (ScriptedImporter) -> (artifact id: '100bc82908e50485f35b90f668cf37f5') in 0.029287 seconds
Number of updated asset objects reloaded before import = 0Number of asset objects unloaded after import = 1

========================================================================
Received Import Request.
  Time since last request: 0.000039 seconds.
  path: Assets/Character_Cactus/Materials
  artifactKey: Guid(c6c2ef2f3095a1b47af45de8e0e27a37) Importer(2089858483,b0f066a214c2f5e87bad3c948f4d605d)
Start importing Assets/Character_Cactus/Materials using Guid(c6c2ef2f3095a1b47af45de8e0e27a37) Importer(2089858483,b0f066a214c2f5e87bad3c948f4d605d) (ScriptedImporter) -> (artifact id: '2999c68728ec3c1ec33dbe24f3599539') in 0.0169983 seconds
Number of updated asset objects reloaded before import = 0Number of asset objects unloaded after import = 1

========================================================================
Received Import Request.
  Time since last request: 0.000038 seconds.
  path: Assets/Character_Cactus/Texture/Сactus_diffuse.tga
  artifactKey: Guid(bdfea07a16323da47bba610c7a79d871) Importer(2089858483,b0f066a214c2f5e87bad3c948f4d605d)
Start importing Assets/Character_Cactus/Texture/Сactus_diffuse.tga using Guid(bdfea07a16323da47bba610c7a79d871) Importer(2089858483,b0f066a214c2f5e87bad3c948f4d605d) (ScriptedImporter) -> (artifact id: '9f1a893d1a9250c86d9883a35cad01d2') in 0.0234104 seconds
Number of updated asset objects reloaded before import = 0Number of asset objects unloaded after import = 1

========================================================================
Received Import Request.
  Time since last request: 0.000148 seconds.
  path: Assets/Character_Cactus/Prefab/Cactus.prefab
  artifactKey: Guid(68d8f3eae01c5744b996aab3358db0a0) Importer(2089858483,b0f066a214c2f5e87bad3c948f4d605d)
Start importing Assets/Character_Cactus/Prefab/Cactus.prefab using Guid(68d8f3eae01c5744b996aab3358db0a0) Importer(2089858483,b0f066a214c2f5e87bad3c948f4d605d) (ScriptedImporter) -> (artifact id: '0cd4aa00cf48b9bebfc0c483f679be8a') in 0.0317653 seconds
Number of updated asset objects reloaded before import = 0Number of asset objects unloaded after import = 85

========================================================================
Received Import Request.
  Time since last request: 0.000029 seconds.
  path: Assets/Character_Cactus/animation/Materials/Cactus_diffuse.mat
  artifactKey: Guid(14ec2521f2ec5b0499c2edad92a68bf9) Importer(2089858483,b0f066a214c2f5e87bad3c948f4d605d)
Start importing Assets/Character_Cactus/animation/Materials/Cactus_diffuse.mat using Guid(14ec2521f2ec5b0499c2edad92a68bf9) Importer(2089858483,b0f066a214c2f5e87bad3c948f4d605d) (ScriptedImporter) -> (artifact id: 'ac89767e849bd87d6e4afc934679fd8d') in 0.0316727 seconds
Number of updated asset objects reloaded before import = 0Number of asset objects unloaded after import = 3

========================================================================
Received Import Request.
  Time since last request: 0.000037 seconds.
  path: Assets/Character_Cactus/Prefab
  artifactKey: Guid(de9d7d20f5f22ce47a6a134e933272c7) Importer(2089858483,b0f066a214c2f5e87bad3c948f4d605d)
Start importing Assets/Character_Cactus/Prefab using Guid(de9d7d20f5f22ce47a6a134e933272c7) Importer(2089858483,b0f066a214c2f5e87bad3c948f4d605d) (ScriptedImporter) -> (artifact id: 'a668969b1901bc3721d91405a1b91f03') in 0.0195332 seconds
Number of updated asset objects reloaded before import = 0Number of asset objects unloaded after import = 1

========================================================================
Received Import Request.
  Time since last request: 0.000136 seconds.
  path: Assets/Character_Cactus/Mesh/Materials/Сactus_diffuse.mat
  artifactKey: Guid(84e0d545148d20f408d0cdfef04521d5) Importer(2089858483,b0f066a214c2f5e87bad3c948f4d605d)
Start importing Assets/Character_Cactus/Mesh/Materials/Сactus_diffuse.mat using Guid(84e0d545148d20f408d0cdfef04521d5) Importer(2089858483,b0f066a214c2f5e87bad3c948f4d605d) (ScriptedImporter) -> (artifact id: '2fa0a41923a9a8ca53cb30da3b041c05') in 0.036857 seconds
Number of updated asset objects reloaded before import = 0Number of asset objects unloaded after import = 3

========================================================================
Received Import Request.
  Time since last request: 0.000025 seconds.
  path: Assets/Character_Cactus/Mesh/Materials
  artifactKey: Guid(3464a204c6ef61f4baf9c857ed2c4d77) Importer(2089858483,b0f066a214c2f5e87bad3c948f4d605d)
Start importing Assets/Character_Cactus/Mesh/Materials using Guid(3464a204c6ef61f4baf9c857ed2c4d77) Importer(2089858483,b0f066a214c2f5e87bad3c948f4d605d) (ScriptedImporter) -> (artifact id: '09c42c4b67a7ef357fed0b24552ebbcd') in 0.0244556 seconds
Number of updated asset objects reloaded before import = 0Number of asset objects unloaded after import = 1

========================================================================
Received Import Request.
  Time since last request: 0.000413 seconds.
  path: Assets/Character_Cactus/animation/Cactus@Dead.FBX
  artifactKey: Guid(cc21b08496939574f8aca4d10dd17bcd) Importer(2089858483,b0f066a214c2f5e87bad3c948f4d605d)
Start importing Assets/Character_Cactus/animation/Cactus@Dead.FBX using Guid(cc21b08496939574f8aca4d10dd17bcd) Importer(2089858483,b0f066a214c2f5e87bad3c948f4d605d) (ScriptedImporter) -> (artifact id: 'c57a993c790387a01188d93e8b7e196f') in 0.0435146 seconds
Number of updated asset objects reloaded before import = 0Number of asset objects unloaded after import = 67

========================================================================
Received Import Request.
  Time since last request: 0.000045 seconds.
  path: Assets/Character_Cactus/Texture
  artifactKey: Guid(71c22e2f6ae07aa45867c967fc2d66fa) Importer(2089858483,b0f066a214c2f5e87bad3c948f4d605d)
Start importing Assets/Character_Cactus/Texture using Guid(71c22e2f6ae07aa45867c967fc2d66fa) Importer(2089858483,b0f066a214c2f5e87bad3c948f4d605d) (ScriptedImporter) -> (artifact id: 'b00d576ed2ee9699c19f7272b496e8b6') in 0.0220121 seconds
Number of updated asset objects reloaded before import = 0Number of asset objects unloaded after import = 1

========================================================================
Received Import Request.
  Time since last request: 0.000054 seconds.
  path: Assets/Character_Cactus/Materials/Cactus_diffuse.mat
  artifactKey: Guid(bcfe827ba457ac44e9c86df6af3a22db) Importer(2089858483,b0f066a214c2f5e87bad3c948f4d605d)
Start importing Assets/Character_Cactus/Materials/Cactus_diffuse.mat using Guid(bcfe827ba457ac44e9c86df6af3a22db) Importer(2089858483,b0f066a214c2f5e87bad3c948f4d605d) (ScriptedImporter) -> (artifact id: '7bb8318eaef27bb7ed1edf4a67a865a9') in 0.0271364 seconds
Number of updated asset objects reloaded before import = 0Number of asset objects unloaded after import = 3

========================================================================
Received Import Request.
  Time since last request: 0.000063 seconds.
  path: Assets/Character_Cactus/Mesh/Mesh.FBX
  artifactKey: Guid(67970892568d72f4ab0a681caaa9a810) Importer(2089858483,b0f066a214c2f5e87bad3c948f4d605d)
Start importing Assets/Character_Cactus/Mesh/Mesh.FBX using Guid(67970892568d72f4ab0a681caaa9a810) Importer(2089858483,b0f066a214c2f5e87bad3c948f4d605d) (ScriptedImporter) -> (artifact id: 'b2cdecc58c4f487e4f4762bbbc107583') in 0.0294086 seconds
Number of updated asset objects reloaded before import = 0Number of asset objects unloaded after import = 66

========================================================================
Received Import Request.
  Time since last request: 5.353158 seconds.
  path: Assets/Kevin Iglesias/Zombie Animations/Prefabs/Zombie.prefab
  artifactKey: Guid(f99bbd0754201f448b27f0c455b92b76) Importer(2089858483,b0f066a214c2f5e87bad3c948f4d605d)
Start importing Assets/Kevin Iglesias/Zombie Animations/Prefabs/Zombie.prefab using Guid(f99bbd0754201f448b27f0c455b92b76) Importer(2089858483,b0f066a214c2f5e87bad3c948f4d605d) (ScriptedImporter) -> (artifact id: '7f8634adc0893e0fea45ba4133082e3c') in 0.021505 seconds
Number of updated asset objects reloaded before import = 0Number of asset objects unloaded after import = 136

========================================================================
Received Import Request.
  Time since last request: 0.000035 seconds.
  path: Assets/Kevin Iglesias/Zombie Animations/Zombie Animations - Example Scene.unity
  artifactKey: Guid(6d745fb1189f4494caa3260bb90c9822) Importer(2089858483,b0f066a214c2f5e87bad3c948f4d605d)
Start importing Assets/Kevin Iglesias/Zombie Animations/Zombie Animations - Example Scene.unity using Guid(6d745fb1189f4494caa3260bb90c9822) Importer(2089858483,b0f066a214c2f5e87bad3c948f4d605d) (ScriptedImporter) -> (artifact id: 'f95ac40f19aafcab84359cdffd1f7862') in 0.0212396 seconds
Number of updated asset objects reloaded before import = 0Number of asset objects unloaded after import = 1

========================================================================
Received Import Request.
  Time since last request: 0.000050 seconds.
  path: Assets/Kevin Iglesias/Zombie Animations/Animations/Zombie@Idle01_Action01.fbx
  artifactKey: Guid(0bbc0899b279757469ab34f7c46f2c04) Importer(2089858483,b0f066a214c2f5e87bad3c948f4d605d)
Start importing Assets/Kevin Iglesias/Zombie Animations/Animations/Zombie@Idle01_Action01.fbx using Guid(0bbc0899b279757469ab34f7c46f2c04) Importer(2089858483,b0f066a214c2f5e87bad3c948f4d605d) (ScriptedImporter) -> (artifact id: '738054fbf026c825bc85677a58ccc438') in 0.0308021 seconds
Number of updated asset objects reloaded before import = 0Number of asset objects unloaded after import = 130

========================================================================
Received Import Request.
  Time since last request: 0.000028 seconds.
  path: Assets/Kevin Iglesias/Zombie Animations
  artifactKey: Guid(00b7681ee7b0db744b26b896a377f9dc) Importer(2089858483,b0f066a214c2f5e87bad3c948f4d605d)
Start importing Assets/Kevin Iglesias/Zombie Animations using Guid(00b7681ee7b0db744b26b896a377f9dc) Importer(2089858483,b0f066a214c2f5e87bad3c948f4d605d) (ScriptedImporter) -> (artifact id: 'e2e7d8777ea5df3732c586517fcc1aab') in 0.015513 seconds
Number of updated asset objects reloaded before import = 0Number of asset objects unloaded after import = 1

========================================================================
Received Import Request.
  Time since last request: 0.000026 seconds.
  path: Assets/Kevin Iglesias/Zombie Animations/Model/ZombieModel.fbx
  artifactKey: Guid(0112b3ddf6b69f148b600356eb9c21a3) Importer(2089858483,b0f066a214c2f5e87bad3c948f4d605d)
Start importing Assets/Kevin Iglesias/Zombie Animations/Model/ZombieModel.fbx using Guid(0112b3ddf6b69f148b600356eb9c21a3) Importer(2089858483,b0f066a214c2f5e87bad3c948f4d605d) (ScriptedImporter) -> (artifact id: '2b5d5ae279b5aea7a187d1b30ae6c710') in 0.0413946 seconds
Number of updated asset objects reloaded before import = 0Number of asset objects unloaded after import = 136

========================================================================
Received Import Request.
  Time since last request: 0.000032 seconds.
  path: Assets/Kevin Iglesias/Zombie Animations/Materials/ZombieMaterial.mat
  artifactKey: Guid(355325254e820024ab5bb6de6e5f3486) Importer(2089858483,b0f066a214c2f5e87bad3c948f4d605d)
Start importing Assets/Kevin Iglesias/Zombie Animations/Materials/ZombieMaterial.mat using Guid(355325254e820024ab5bb6de6e5f3486) Importer(2089858483,b0f066a214c2f5e87bad3c948f4d605d) (ScriptedImporter) -> (artifact id: '3c13655b941895e375e53d80499b1659') in 0.0229796 seconds
Number of updated asset objects reloaded before import = 0Number of asset objects unloaded after import = 2

========================================================================
Received Import Request.
  Time since last request: 0.000059 seconds.
  path: Assets/Kevin Iglesias/Zombie Animations/AnimatorControllers/Zombie@Attacks.controller
  artifactKey: Guid(350c80f7b05ea874d8369b922616cf41) Importer(2089858483,b0f066a214c2f5e87bad3c948f4d605d)
Start importing Assets/Kevin Iglesias/Zombie Animations/AnimatorControllers/Zombie@Attacks.controller using Guid(350c80f7b05ea874d8369b922616cf41) Importer(2089858483,b0f066a214c2f5e87bad3c948f4d605d) (ScriptedImporter) -> (artifact id: '49eed514b27b17d8d85c995f043198ab') in 0.0175134 seconds
Number of updated asset objects reloaded before import = 0Number of asset objects unloaded after import = 5

========================================================================
Received Import Request.
  Time since last request: 0.000029 seconds.
  path: Assets/Kevin Iglesias/Zombie Animations/Materials/ZombieFloor.mat
  artifactKey: Guid(ffa8dc23fd438ea43bc6338d2ab387b0) Importer(2089858483,b0f066a214c2f5e87bad3c948f4d605d)
Start importing Assets/Kevin Iglesias/Zombie Animations/Materials/ZombieFloor.mat using Guid(ffa8dc23fd438ea43bc6338d2ab387b0) Importer(2089858483,b0f066a214c2f5e87bad3c948f4d605d) (ScriptedImporter) -> (artifact id: '90e2f80c291e4fe94e1963b91af3d062') in 0.0185371 seconds
Number of updated asset objects reloaded before import = 0Number of asset objects unloaded after import = 2

========================================================================
Received Import Request.
  Time since last request: 0.000025 seconds.
  path: Assets/Kevin Iglesias/Zombie Animations/Materials
  artifactKey: Guid(db260c44da08a5f46879ff48329cad64) Importer(2089858483,b0f066a214c2f5e87bad3c948f4d605d)
Start importing Assets/Kevin Iglesias/Zombie Animations/Materials using Guid(db260c44da08a5f46879ff48329cad64) Importer(2089858483,b0f066a214c2f5e87bad3c948f4d605d) (ScriptedImporter) -> (artifact id: 'e622db33e17b9883397329d0c9c5c8b2') in 0.0160457 seconds
Number of updated asset objects reloaded before import = 0Number of asset objects unloaded after import = 1

========================================================================
Received Import Request.
  Time since last request: 0.000084 seconds.
  path: Assets/Kevin Iglesias
  artifactKey: Guid(d1fa5ce91458c8f4a9d7fd2e1d963c0f) Importer(2089858483,b0f066a214c2f5e87bad3c948f4d605d)
Start importing Assets/Kevin Iglesias using Guid(d1fa5ce91458c8f4a9d7fd2e1d963c0f) Importer(2089858483,b0f066a214c2f5e87bad3c948f4d605d) (ScriptedImporter) -> (artifact id: '5ecc968c167dfaf40f7ba4b2c4bc8d9a') in 0.0157204 seconds
Number of updated asset objects reloaded before import = 0Number of asset objects unloaded after import = 1

========================================================================
Received Import Request.
  Time since last request: 0.000090 seconds.
  path: Assets/Kevin Iglesias/Zombie Animations/Animations/Zombie@Walk01.fbx
  artifactKey: Guid(1621ac1817ce8ec4e8f03177b169b81a) Importer(2089858483,b0f066a214c2f5e87bad3c948f4d605d)
Start importing Assets/Kevin Iglesias/Zombie Animations/Animations/Zombie@Walk01.fbx using Guid(1621ac1817ce8ec4e8f03177b169b81a) Importer(2089858483,b0f066a214c2f5e87bad3c948f4d605d) (ScriptedImporter) -> (artifact id: '8cda652c67c4ca159fea946bae765593') in 0.0283791 seconds
Number of updated asset objects reloaded before import = 0Number of asset objects unloaded after import = 131

========================================================================
Received Import Request.
  Time since last request: 0.000026 seconds.
  path: Assets/Kevin Iglesias/Zombie Animations/AnimatorControllers/Zombie@Damages.controller
  artifactKey: Guid(2a72f32275c21e546843cd191be2679f) Importer(2089858483,b0f066a214c2f5e87bad3c948f4d605d)
Start importing Assets/Kevin Iglesias/Zombie Animations/AnimatorControllers/Zombie@Damages.controller using Guid(2a72f32275c21e546843cd191be2679f) Importer(2089858483,b0f066a214c2f5e87bad3c948f4d605d) (ScriptedImporter) -> (artifact id: '65c0b5b47bb18d46ef25d17da93c74da') in 0.018351 seconds
Number of updated asset objects reloaded before import = 0Number of asset objects unloaded after import = 5

========================================================================
Received Import Request.
  Time since last request: 0.000024 seconds.
  path: Assets/Kevin Iglesias/Zombie Animations/AnimatorControllers/Zombie@Walk.controller
  artifactKey: Guid(837f79bcbf98ea946b3c32443e6b3c48) Importer(2089858483,b0f066a214c2f5e87bad3c948f4d605d)
Start importing Assets/Kevin Iglesias/Zombie Animations/AnimatorControllers/Zombie@Walk.controller using Guid(837f79bcbf98ea946b3c32443e6b3c48) Importer(2089858483,b0f066a214c2f5e87bad3c948f4d605d) (ScriptedImporter) -> (artifact id: 'fba6292bf65230fc796863c5ef7f52e9') in 0.0182493 seconds
Number of updated asset objects reloaded before import = 0Number of asset objects unloaded after import = 4

========================================================================
Received Import Request.
  Time since last request: 6.994957 seconds.
  path: Assets/Kevin Iglesias/Zombie Animations
  artifactKey: Guid(00b7681ee7b0db744b26b896a377f9dc) Importer(815301076,1909f56bfc062723c751e8b465ee728b)
Start importing Assets/Kevin Iglesias/Zombie Animations using Guid(00b7681ee7b0db744b26b896a377f9dc) Importer(815301076,1909f56bfc062723c751e8b465ee728b) (PreviewImporter) -> (artifact id: '16cf8db8ae0cbd1d60f3d0371a86b04f') in 0.0007412 seconds
Number of updated asset objects reloaded before import = 0Number of asset objects unloaded after import = 0

========================================================================
Received Import Request.
  Time since last request: 41.754449 seconds.
  path: Assets/Models
  artifactKey: Guid(b2ea6df27b4b4064092fa117349f2ea8) Importer(815301076,1909f56bfc062723c751e8b465ee728b)
Start importing Assets/Models using Guid(b2ea6df27b4b4064092fa117349f2ea8) Importer(815301076,1909f56bfc062723c751e8b465ee728b) (PreviewImporter) -> (artifact id: 'd7566fb558d4aba0f3a0d2c193376482') in 0.0007803 seconds
Number of updated asset objects reloaded before import = 0Number of asset objects unloaded after import = 0

========================================================================
Received Import Request.
  Time since last request: 0.931772 seconds.
  path: Assets/Models
  artifactKey: Guid(b2ea6df27b4b4064092fa117349f2ea8) Importer(2089858483,b0f066a214c2f5e87bad3c948f4d605d)
Start importing Assets/Models using Guid(b2ea6df27b4b4064092fa117349f2ea8) Importer(2089858483,b0f066a214c2f5e87bad3c948f4d605d) (ScriptedImporter) -> (artifact id: 'd9f11505a87fdbd1c823ff190cef6ce2') in 0.0149059 seconds
Number of updated asset objects reloaded before import = 0Number of asset objects unloaded after import = 1

========================================================================
Received Import Request.
  Time since last request: 3.118828 seconds.
  path: Assets/Models/Character_Cactus
  artifactKey: Guid(c0a4ba96d80b92046b9eb3d0d593ddf6) Importer(2089858483,b0f066a214c2f5e87bad3c948f4d605d)
Start importing Assets/Models/Character_Cactus using Guid(c0a4ba96d80b92046b9eb3d0d593ddf6) Importer(2089858483,b0f066a214c2f5e87bad3c948f4d605d) (ScriptedImporter) -> (artifact id: '4e96b1e30cf8843e8feb1c12737e6924') in 0.0186442 seconds
Number of updated asset objects reloaded before import = 0Number of asset objects unloaded after import = 1

========================================================================
Received Import Request.
  Time since last request: 0.000054 seconds.
  path: Assets/Models/Character_Cactus/animation/Cactus@Get_hit.FBX
  artifactKey: Guid(f3f4f50cc72e74b4b9d2fee93a74f23e) Importer(2089858483,b0f066a214c2f5e87bad3c948f4d605d)
Start importing Assets/Models/Character_Cactus/animation/Cactus@Get_hit.FBX using Guid(f3f4f50cc72e74b4b9d2fee93a74f23e) Importer(2089858483,b0f066a214c2f5e87bad3c948f4d605d) (ScriptedImporter) -> (artifact id: 'ba16e79245f42866cdde8cbb5a3fde02') in 0.0310584 seconds
Number of updated asset objects reloaded before import = 0Number of asset objects unloaded after import = 67

========================================================================
Received Import Request.
  Time since last request: 0.000033 seconds.
  path: Assets/Models/Character_Cactus/Texture/Сactus_specular.tga
  artifactKey: Guid(da0d541c4a819454696890f2ce56dfbf) Importer(2089858483,b0f066a214c2f5e87bad3c948f4d605d)
Start importing Assets/Models/Character_Cactus/Texture/Сactus_specular.tga using Guid(da0d541c4a819454696890f2ce56dfbf) Importer(2089858483,b0f066a214c2f5e87bad3c948f4d605d) (ScriptedImporter) -> (artifact id: 'd3e872388a418a776cbe7d38f643557a') in 0.0273909 seconds
Number of updated asset objects reloaded before import = 0Number of asset objects unloaded after import = 1

========================================================================
Received Import Request.
  Time since last request: 0.000028 seconds.
  path: Assets/Models/Character_Cactus/animation/Materials/Cactus_diffuse.mat
  artifactKey: Guid(14ec2521f2ec5b0499c2edad92a68bf9) Importer(2089858483,b0f066a214c2f5e87bad3c948f4d605d)
Start importing Assets/Models/Character_Cactus/animation/Materials/Cactus_diffuse.mat using Guid(14ec2521f2ec5b0499c2edad92a68bf9) Importer(2089858483,b0f066a214c2f5e87bad3c948f4d605d) (ScriptedImporter) -> (artifact id: '211ee3d4f71f8a4327a3f15eeb004171') in 0.0264164 seconds
Number of updated asset objects reloaded before import = 0Number of asset objects unloaded after import = 3

========================================================================
Received Import Request.
  Time since last request: 0.000034 seconds.
  path: Assets/Models/Character_Cactus/Mesh/Materials/Сactus_diffuse.mat
  artifactKey: Guid(84e0d545148d20f408d0cdfef04521d5) Importer(2089858483,b0f066a214c2f5e87bad3c948f4d605d)
Start importing Assets/Models/Character_Cactus/Mesh/Materials/Сactus_diffuse.mat using Guid(84e0d545148d20f408d0cdfef04521d5) Importer(2089858483,b0f066a214c2f5e87bad3c948f4d605d) (ScriptedImporter) -> (artifact id: 'ab39e8276a6f4fdb9f48429624bf4010') in 0.0230432 seconds
Number of updated asset objects reloaded before import = 0Number of asset objects unloaded after import = 3

========================================================================
Received Import Request.
  Time since last request: 0.000044 seconds.
  path: Assets/Models/Character_Cactus/Mesh/Materials
  artifactKey: Guid(3464a204c6ef61f4baf9c857ed2c4d77) Importer(2089858483,b0f066a214c2f5e87bad3c948f4d605d)
Start importing Assets/Models/Character_Cactus/Mesh/Materials using Guid(3464a204c6ef61f4baf9c857ed2c4d77) Importer(2089858483,b0f066a214c2f5e87bad3c948f4d605d) (ScriptedImporter) -> (artifact id: '8906430c1ce5bd6ac368a062e65b72af') in 0.0201663 seconds
Number of updated asset objects reloaded before import = 0Number of asset objects unloaded after import = 1

========================================================================
Received Import Request.
  Time since last request: 0.000061 seconds.
  path: Assets/Models/Character_Cactus/Cactus_demo.controller
  artifactKey: Guid(97bace790e4491d428a4a9f276f0d850) Importer(2089858483,b0f066a214c2f5e87bad3c948f4d605d)
Start importing Assets/Models/Character_Cactus/Cactus_demo.controller using Guid(97bace790e4491d428a4a9f276f0d850) Importer(2089858483,b0f066a214c2f5e87bad3c948f4d605d) (ScriptedImporter) -> (artifact id: 'f6685121f4f12cfc091c857c496d4f65') in 0.0273603 seconds
Number of updated asset objects reloaded before import = 0Number of asset objects unloaded after import = 19

========================================================================
Received Import Request.
  Time since last request: 0.000028 seconds.
  path: Assets/Models/Character_Cactus/Mesh
  artifactKey: Guid(abfd3d0c8f52217498f122c228e603a9) Importer(2089858483,b0f066a214c2f5e87bad3c948f4d605d)
Start importing Assets/Models/Character_Cactus/Mesh using Guid(abfd3d0c8f52217498f122c228e603a9) Importer(2089858483,b0f066a214c2f5e87bad3c948f4d605d) (ScriptedImporter) -> (artifact id: 'fe2dc77cd6e6f49aae93aebc872d4d14') in 0.0165515 seconds
Number of updated asset objects reloaded before import = 0Number of asset objects unloaded after import = 1

========================================================================
Received Import Request.
  Time since last request: 0.000040 seconds.
  path: Assets/Models/Character_Cactus/Materials/Cactus_diffuse.mat
  artifactKey: Guid(bcfe827ba457ac44e9c86df6af3a22db) Importer(2089858483,b0f066a214c2f5e87bad3c948f4d605d)
Start importing Assets/Models/Character_Cactus/Materials/Cactus_diffuse.mat using Guid(bcfe827ba457ac44e9c86df6af3a22db) Importer(2089858483,b0f066a214c2f5e87bad3c948f4d605d) (ScriptedImporter) -> (artifact id: '9b00cdf0c7b8d2d7bdf625a9bcf7e2cd') in 0.022211 seconds
Number of updated asset objects reloaded before import = 0Number of asset objects unloaded after import = 3

========================================================================
Received Import Request.
  Time since last request: 1.775573 seconds.
  path: Assets/Models/Character_Cactus
  artifactKey: Guid(c0a4ba96d80b92046b9eb3d0d593ddf6) Importer(815301076,1909f56bfc062723c751e8b465ee728b)
Start importing Assets/Models/Character_Cactus using Guid(c0a4ba96d80b92046b9eb3d0d593ddf6) Importer(815301076,1909f56bfc062723c751e8b465ee728b) (PreviewImporter) -> (artifact id: '9705c29633a6a8d1881af31daf538d54') in 0.0007848 seconds
Number of updated asset objects reloaded before import = 0Number of asset objects unloaded after import = 0

========================================================================
Received Import Request.
  Time since last request: 0.264912 seconds.
  path: Assets/Models/Kevin Iglesias/Zombie Animations/Materials
  artifactKey: Guid(db260c44da08a5f46879ff48329cad64) Importer(2089858483,b0f066a214c2f5e87bad3c948f4d605d)
Start importing Assets/Models/Kevin Iglesias/Zombie Animations/Materials using Guid(db260c44da08a5f46879ff48329cad64) Importer(2089858483,b0f066a214c2f5e87bad3c948f4d605d) (ScriptedImporter) -> (artifact id: '48a9df9ee674ebeea3793f7e36ace758') in 0.0318562 seconds
Number of updated asset objects reloaded before import = 0Number of asset objects unloaded after import = 1

========================================================================
Received Import Request.
  Time since last request: 0.000281 seconds.
  path: Assets/Models/Kevin Iglesias/Zombie Animations/Zombie Animations - Example Scene.unity
  artifactKey: Guid(6d745fb1189f4494caa3260bb90c9822) Importer(2089858483,b0f066a214c2f5e87bad3c948f4d605d)
Start importing Assets/Models/Kevin Iglesias/Zombie Animations/Zombie Animations - Example Scene.unity using Guid(6d745fb1189f4494caa3260bb90c9822) Importer(2089858483,b0f066a214c2f5e87bad3c948f4d605d) (ScriptedImporter) -> (artifact id: 'f4c134b73d1f9780a08eb016edd1ec0c') in 0.0246116 seconds
Number of updated asset objects reloaded before import = 0Number of asset objects unloaded after import = 1

========================================================================
Received Import Request.
  Time since last request: 0.000067 seconds.
  path: Assets/Models/Kevin Iglesias/Zombie Animations/Animations/Zombie@Damage01.fbx
  artifactKey: Guid(77edd185276d64a4791549ac2266642e) Importer(2089858483,b0f066a214c2f5e87bad3c948f4d605d)
Start importing Assets/Models/Kevin Iglesias/Zombie Animations/Animations/Zombie@Damage01.fbx using Guid(77edd185276d64a4791549ac2266642e) Importer(2089858483,b0f066a214c2f5e87bad3c948f4d605d) (ScriptedImporter) -> (artifact id: '0461ed5692e514263c11d929467e6501') in 0.0287232 seconds
Number of updated asset objects reloaded before import = 0Number of asset objects unloaded after import = 130

========================================================================
Received Import Request.
  Time since last request: 0.000033 seconds.
  path: Assets/Models/Kevin Iglesias/Zombie Animations/Materials/ZombieMaterial.mat
  artifactKey: Guid(355325254e820024ab5bb6de6e5f3486) Importer(2089858483,b0f066a214c2f5e87bad3c948f4d605d)
Start importing Assets/Models/Kevin Iglesias/Zombie Animations/Materials/ZombieMaterial.mat using Guid(355325254e820024ab5bb6de6e5f3486) Importer(2089858483,b0f066a214c2f5e87bad3c948f4d605d) (ScriptedImporter) -> (artifact id: '8cdbb7f86953aa2fab3d68ad38ae52ae') in 0.0213386 seconds
Number of updated asset objects reloaded before import = 0Number of asset objects unloaded after import = 2

========================================================================
Received Import Request.
  Time since last request: 0.000046 seconds.
  path: Assets/Models/Kevin Iglesias/Zombie Animations/Materials/ZombieFloor.mat
  artifactKey: Guid(ffa8dc23fd438ea43bc6338d2ab387b0) Importer(2089858483,b0f066a214c2f5e87bad3c948f4d605d)
Start importing Assets/Models/Kevin Iglesias/Zombie Animations/Materials/ZombieFloor.mat using Guid(ffa8dc23fd438ea43bc6338d2ab387b0) Importer(2089858483,b0f066a214c2f5e87bad3c948f4d605d) (ScriptedImporter) -> (artifact id: '39ff8dec047ba2d083fcd717ba9e6f37') in 0.0229365 seconds
Number of updated asset objects reloaded before import = 0Number of asset objects unloaded after import = 2

========================================================================
Received Import Request.
  Time since last request: 0.000025 seconds.
  path: Assets/Models/Kevin Iglesias/Zombie Animations/Materials/ZombieTexture.tga
  artifactKey: Guid(daa68963c6dee2d46b3a0ad72d689a7c) Importer(2089858483,b0f066a214c2f5e87bad3c948f4d605d)
Start importing Assets/Models/Kevin Iglesias/Zombie Animations/Materials/ZombieTexture.tga using Guid(daa68963c6dee2d46b3a0ad72d689a7c) Importer(2089858483,b0f066a214c2f5e87bad3c948f4d605d) (ScriptedImporter) -> (artifact id: '4e72c095809c6355dee1d64b52b527a0') in 0.02784 seconds
Number of updated asset objects reloaded before import = 0Number of asset objects unloaded after import = 1

========================================================================
Received Import Request.
  Time since last request: 0.000025 seconds.
  path: Assets/Models/Kevin Iglesias/Zombie Animations/AnimatorControllers/Zombie@Walk.controller
  artifactKey: Guid(837f79bcbf98ea946b3c32443e6b3c48) Importer(2089858483,b0f066a214c2f5e87bad3c948f4d605d)
Start importing Assets/Models/Kevin Iglesias/Zombie Animations/AnimatorControllers/Zombie@Walk.controller using Guid(837f79bcbf98ea946b3c32443e6b3c48) Importer(2089858483,b0f066a214c2f5e87bad3c948f4d605d) (ScriptedImporter) -> (artifact id: '32b7077b808613a9ba0d1b3193aded54') in 0.0237597 seconds
Number of updated asset objects reloaded before import = 0Number of asset objects unloaded after import = 4

========================================================================
Received Import Request.
  Time since last request: 1.874387 seconds.
  path: Assets/Models/Character_Cactus/Cactus_demo.controller
  artifactKey: Guid(97bace790e4491d428a4a9f276f0d850) Importer(815301076,1909f56bfc062723c751e8b465ee728b)
Start importing Assets/Models/Character_Cactus/Cactus_demo.controller using Guid(97bace790e4491d428a4a9f276f0d850) Importer(815301076,1909f56bfc062723c751e8b465ee728b) (PreviewImporter) -> (artifact id: '59ce722e3a122d815e1f5826ee81fe47') in 0.0077223 seconds
Number of updated asset objects reloaded before import = 0Number of asset objects unloaded after import = 19

========================================================================
Received Import Request.
  Time since last request: 14.727475 seconds.
  path: Assets/Models/Character_Cactus/Mesh
  artifactKey: Guid(abfd3d0c8f52217498f122c228e603a9) Importer(815301076,1909f56bfc062723c751e8b465ee728b)
Start importing Assets/Models/Character_Cactus/Mesh using Guid(abfd3d0c8f52217498f122c228e603a9) Importer(815301076,1909f56bfc062723c751e8b465ee728b) (PreviewImporter) -> (artifact id: 'd04915ffa243b24000329c2c55ccfe42') in 0.0009602 seconds
Number of updated asset objects reloaded before import = 0Number of asset objects unloaded after import = 0

========================================================================
Received Import Request.
  Time since last request: 1.047912 seconds.
  path: Assets/Models/Character_Cactus/Mesh/Materials
  artifactKey: Guid(3464a204c6ef61f4baf9c857ed2c4d77) Importer(815301076,1909f56bfc062723c751e8b465ee728b)
Start importing Assets/Models/Character_Cactus/Mesh/Materials using Guid(3464a204c6ef61f4baf9c857ed2c4d77) Importer(815301076,1909f56bfc062723c751e8b465ee728b) (PreviewImporter) -> (artifact id: '178a461d9d8790ec6640004f921a9f39') in 0.0008304 seconds
Number of updated asset objects reloaded before import = 0Number of asset objects unloaded after import = 0

========================================================================
Received Import Request.
  Time since last request: 4.018488 seconds.
  path: Assets/Models/Character_Cactus/Materials
  artifactKey: Guid(c6c2ef2f3095a1b47af45de8e0e27a37) Importer(815301076,1909f56bfc062723c751e8b465ee728b)
Start importing Assets/Models/Character_Cactus/Materials using Guid(c6c2ef2f3095a1b47af45de8e0e27a37) Importer(815301076,1909f56bfc062723c751e8b465ee728b) (PreviewImporter) -> (artifact id: '09c198a7d8a31345e2862936bdd32e45') in 0.0007141 seconds
Number of updated asset objects reloaded before import = 0Number of asset objects unloaded after import = 0

========================================================================
Received Import Request.
  Time since last request: 28.478459 seconds.
  path: Assets/Models/Kevin Iglesias
  artifactKey: Guid(d1fa5ce91458c8f4a9d7fd2e1d963c0f) Importer(815301076,1909f56bfc062723c751e8b465ee728b)
Start importing Assets/Models/Kevin Iglesias using Guid(d1fa5ce91458c8f4a9d7fd2e1d963c0f) Importer(815301076,1909f56bfc062723c751e8b465ee728b) (PreviewImporter) -> (artifact id: '43785d4174854288fb58f55a9b04f70a') in 0.0007778 seconds
Number of updated asset objects reloaded before import = 0Number of asset objects unloaded after import = 0

========================================================================
Received Import Request.
  Time since last request: 6.150222 seconds.
  path: Assets/Models/Character_Cactus/Texture/Сactus_diffuse.tga
  artifactKey: Guid(bdfea07a16323da47bba610c7a79d871) Importer(815301076,1909f56bfc062723c751e8b465ee728b)
Start importing Assets/Models/Character_Cactus/Texture/Сactus_diffuse.tga using Guid(bdfea07a16323da47bba610c7a79d871) Importer(815301076,1909f56bfc062723c751e8b465ee728b) (PreviewImporter) -> (artifact id: '85acb34b979fbb313800d19888004eb4') in 0.0484385 seconds
Number of updated asset objects reloaded before import = 0Number of asset objects unloaded after import = 2

========================================================================
Received Import Request.
  Time since last request: 2.010820 seconds.
  path: Assets/Models/Character_Cactus/animation
  artifactKey: Guid(b4248ddf90d95ac488313a3c72040a0a) Importer(815301076,1909f56bfc062723c751e8b465ee728b)
Start importing Assets/Models/Character_Cactus/animation using Guid(b4248ddf90d95ac488313a3c72040a0a) Importer(815301076,1909f56bfc062723c751e8b465ee728b) (PreviewImporter) -> (artifact id: 'da95330c502d50436e38004fba23bdfb') in 0.0008007 seconds
Number of updated asset objects reloaded before import = 0Number of asset objects unloaded after import = 0

========================================================================
Received Import Request.
  Time since last request: 0.772372 seconds.
  path: Assets/Models/Character_Cactus/animation/Cactus@Dead.FBX
  artifactKey: Guid(cc21b08496939574f8aca4d10dd17bcd) Importer(815301076,1909f56bfc062723c751e8b465ee728b)
Start importing Assets/Models/Character_Cactus/animation/Cactus@Dead.FBX using Guid(cc21b08496939574f8aca4d10dd17bcd) Importer(815301076,1909f56bfc062723c751e8b465ee728b) (PreviewImporter) -> (artifact id: '86a46fad06d3e0ebd8080812d59f3e57') in 0.5056433 seconds
Number of updated asset objects reloaded before import = 0Number of asset objects unloaded after import = 70

========================================================================
Received Import Request.
  Time since last request: 0.073499 seconds.
  path: Assets/Models/Character_Cactus/animation/Cactus@Attack.FBX
  artifactKey: Guid(ee1f739f60e7e644585da179e9ec98fc) Importer(815301076,1909f56bfc062723c751e8b465ee728b)
Start importing Assets/Models/Character_Cactus/animation/Cactus@Attack.FBX using Guid(ee1f739f60e7e644585da179e9ec98fc) Importer(815301076,1909f56bfc062723c751e8b465ee728b) (PreviewImporter) -> (artifact id: 'a653bb9098e0fa3f409e6e778064d378') in 0.0625816 seconds
Number of updated asset objects reloaded before import = 0Number of asset objects unloaded after import = 70

========================================================================
Received Import Request.
  Time since last request: 7.834467 seconds.
  path: Assets/Models/Character_Cactus/Prefab
  artifactKey: Guid(de9d7d20f5f22ce47a6a134e933272c7) Importer(815301076,1909f56bfc062723c751e8b465ee728b)
Start importing Assets/Models/Character_Cactus/Prefab using Guid(de9d7d20f5f22ce47a6a134e933272c7) Importer(815301076,1909f56bfc062723c751e8b465ee728b) (PreviewImporter) -> (artifact id: '2a72d52e1f02b70c1adec2cf8c303b3f') in 0.0009007 seconds
Number of updated asset objects reloaded before import = 0Number of asset objects unloaded after import = 0

========================================================================
Received Import Request.
  Time since last request: 0.756340 seconds.
  path: Assets/Models/Character_Cactus/Prefab/Cactus.prefab
  artifactKey: Guid(68d8f3eae01c5744b996aab3358db0a0) Importer(815301076,1909f56bfc062723c751e8b465ee728b)
Start importing Assets/Models/Character_Cactus/Prefab/Cactus.prefab using Guid(68d8f3eae01c5744b996aab3358db0a0) Importer(815301076,1909f56bfc062723c751e8b465ee728b) (PreviewImporter) -> (artifact id: 'c1b4679a57992293224417d68c649de9') in 0.2213079 seconds
Number of updated asset objects reloaded before import = 0Number of asset objects unloaded after import = 88

========================================================================
Received Prepare
Begin MonoManager ReloadAssembly
[Licensing::Client] Successfully resolved entitlement details
Symbol file LoadedFromMemory is not a mono symbol file
- Loaded All Assemblies, in  1.115 seconds
Refreshing native plugins compatible for Editor in 5.87 ms, found 7 plugins.
Native extension for UWP target not found
Native extension for WindowsStandalone target not found
[Package Manager] Failed to launch server process. Reason: Unity was launched with the -noUpm command-line argument
[Package Manager] Unable to send message (not connected to server process).
[Package Manager] Cannot connect to Unity Package Manager local server
[Package Manager] Failed to launch server process. Reason: Unity was launched with the -noUpm command-line argument
[Package Manager] Unable to send message (not connected to server process).
[Package Manager] Cannot connect to Unity Package Manager local server
ScheduleIndexationOnStartup MainProcess:False IndexOnStartup:True
Mono: successfully reloaded assembly
- Finished resetting the current domain, in  0.947 seconds
Domain Reload Profiling: 2060ms
	BeginReloadAssembly (298ms)
		ExecutionOrderSort (0ms)
		DisableScriptedObjects (12ms)
		BackupInstance (0ms)
		ReleaseScriptingObjects (0ms)
		CreateAndSetChildDomain (78ms)
	RebuildCommonClasses (43ms)
	RebuildNativeTypeToScriptingClass (21ms)
	initialDomainReloadingComplete (53ms)
	LoadAllAssembliesAndSetupDomain (697ms)
		LoadAssemblies (532ms)
		RebuildTransferFunctionScriptingTraits (0ms)
		AnalyzeDomain (301ms)
			TypeCache.Refresh (8ms)
				TypeCache.ScanAssembly (0ms)
			BuildScriptInfoCaches (272ms)
			ResolveRequiredComponents (14ms)
	FinalizeReload (947ms)
		ReleaseScriptCaches (0ms)
		RebuildScriptCaches (0ms)
		SetupLoadedEditorAssemblies (757ms)
			LogAssemblyErrors (0ms)
			InitializePlatformSupportModulesInManaged (3ms)
			SetLoadedEditorAssemblies (4ms)
			BeforeProcessingInitializeOnLoad (202ms)
			ProcessInitializeOnLoadAttributes (445ms)
			ProcessInitializeOnLoadMethodAttributes (92ms)
			AfterProcessingInitializeOnLoad (11ms)
			EditorAssembliesLoaded (1ms)
		ExecutionOrderSort2 (0ms)
		AwakeInstancesAfterBackupRestoration (9ms)
WARNING: Shader Unsupported: 'Hidden/Universal Render Pipeline/Terrain/Lit (Base Pass)' - All subshaders removed
WARNING: Shader Did you use #pragma only_renderers and omit this platform?
WARNING: Shader If subshaders removal was intentional, you may have forgotten turning Fallback off?
WARNING: Shader Unsupported: 'Hidden/Universal Render Pipeline/Terrain/Lit (Base Pass)' - All subshaders removed
WARNING: Shader Did you use #pragma only_renderers and omit this platform?
WARNING: Shader If subshaders removal was intentional, you may have forgotten turning Fallback off?
WARNING: Shader Unsupported: 'Universal Render Pipeline/Terrain/Lit' - All subshaders removed
WARNING: Shader Did you use #pragma only_renderers and omit this platform?
WARNING: Shader If subshaders removal was intentional, you may have forgotten turning Fallback off?
WARNING: Shader Unsupported: 'Universal Render Pipeline/Terrain/Lit' - All subshaders removed
WARNING: Shader Did you use #pragma only_renderers and omit this platform?
WARNING: Shader If subshaders removal was intentional, you may have forgotten turning Fallback off?
Refreshing native plugins compatible for Editor in 6.06 ms, found 7 plugins.
Preloading 2 native plugins for Editor in 0.17 ms.
Unloading 44 Unused Serialized files (Serialized files now loaded: 0)
Unloading 6878 unused Assets / (7.6 MB). Loaded Objects now: 7682.
Memory consumption went from 160.6 MB to 153.0 MB.
Total: 13.513500 ms (FindLiveObjects: 1.018600 ms CreateObjectMapping: 1.140600 ms MarkObjects: 6.690700 ms  DeleteObjects: 4.662300 ms)

Prepare: number of updated asset objects reloaded= 0
========================================================================
Received Import Request.
  Time since last request: 216.151282 seconds.
  path: Assets/Image Targets/Cactus_JE4.webp
  artifactKey: Guid(7b69751dd0299b340ad5d8840b9a8a3d) Importer(815301076,1909f56bfc062723c751e8b465ee728b)
Start importing Assets/Image Targets/Cactus_JE4.webp using Guid(7b69751dd0299b340ad5d8840b9a8a3d) Importer(815301076,1909f56bfc062723c751e8b465ee728b) (PreviewImporter) -> (artifact id: 'b2606f254cbe7a0f8672604693c9d780') in 0.0284837 seconds
Number of updated asset objects reloaded before import = 0Number of asset objects unloaded after import = 1

========================================================================
Received Import Request.
  Time since last request: 25.677618 seconds.
  path: Assets/Image Targets/latest.png
  artifactKey: Guid(9b5fc9353d5216141911298b27807a85) Importer(815301076,1909f56bfc062723c751e8b465ee728b)
Start importing Assets/Image Targets/latest.png using Guid(9b5fc9353d5216141911298b27807a85) Importer(815301076,1909f56bfc062723c751e8b465ee728b) (PreviewImporter) -> (artifact id: '2d222c0ba7c4c0272968c7a1a8909de2') in 0.0597322 seconds
Number of updated asset objects reloaded before import = 0Number of asset objects unloaded after import = 2

========================================================================
Received Prepare
Begin MonoManager ReloadAssembly
[Licensing::Client] Successfully resolved entitlement details
Symbol file LoadedFromMemory is not a mono symbol file
- Loaded All Assemblies, in  1.136 seconds
Refreshing native plugins compatible for Editor in 7.16 ms, found 7 plugins.
Native extension for UWP target not found
Native extension for WindowsStandalone target not found
[Package Manager] Failed to launch server process. Reason: Unity was launched with the -noUpm command-line argument
[Package Manager] Unable to send message (not connected to server process).
[Package Manager] Cannot connect to Unity Package Manager local server
[Package Manager] Failed to launch server process. Reason: Unity was launched with the -noUpm command-line argument
[Package Manager] Unable to send message (not connected to server process).
[Package Manager] Cannot connect to Unity Package Manager local server
ScheduleIndexationOnStartup MainProcess:False IndexOnStartup:True
Mono: successfully reloaded assembly
- Finished resetting the current domain, in  0.938 seconds
Domain Reload Profiling: 2068ms
	BeginReloadAssembly (262ms)
		ExecutionOrderSort (0ms)
		DisableScriptedObjects (8ms)
		BackupInstance (0ms)
		ReleaseScriptingObjects (0ms)
		CreateAndSetChildDomain (65ms)
	RebuildCommonClasses (56ms)
	RebuildNativeTypeToScriptingClass (22ms)
	initialDomainReloadingComplete (51ms)
	LoadAllAssembliesAndSetupDomain (738ms)
		LoadAssemblies (539ms)
		RebuildTransferFunctionScriptingTraits (0ms)
		AnalyzeDomain (322ms)
			TypeCache.Refresh (9ms)
				TypeCache.ScanAssembly (0ms)
			BuildScriptInfoCaches (293ms)
			ResolveRequiredComponents (13ms)
	FinalizeReload (939ms)
		ReleaseScriptCaches (0ms)
		RebuildScriptCaches (0ms)
		SetupLoadedEditorAssemblies (749ms)
			LogAssemblyErrors (0ms)
			InitializePlatformSupportModulesInManaged (2ms)
			SetLoadedEditorAssemblies (3ms)
			BeforeProcessingInitializeOnLoad (188ms)
			ProcessInitializeOnLoadAttributes (449ms)
			ProcessInitializeOnLoadMethodAttributes (95ms)
			AfterProcessingInitializeOnLoad (10ms)
			EditorAssembliesLoaded (1ms)
		ExecutionOrderSort2 (0ms)
		AwakeInstancesAfterBackupRestoration (8ms)
WARNING: Shader Unsupported: 'Hidden/Universal Render Pipeline/Terrain/Lit (Base Pass)' - All subshaders removed
WARNING: Shader Did you use #pragma only_renderers and omit this platform?
WARNING: Shader If subshaders removal was intentional, you may have forgotten turning Fallback off?
WARNING: Shader Unsupported: 'Hidden/Universal Render Pipeline/Terrain/Lit (Base Pass)' - All subshaders removed
WARNING: Shader Did you use #pragma only_renderers and omit this platform?
WARNING: Shader If subshaders removal was intentional, you may have forgotten turning Fallback off?
WARNING: Shader Unsupported: 'Universal Render Pipeline/Terrain/Lit' - All subshaders removed
WARNING: Shader Did you use #pragma only_renderers and omit this platform?
WARNING: Shader If subshaders removal was intentional, you may have forgotten turning Fallback off?
WARNING: Shader Unsupported: 'Universal Render Pipeline/Terrain/Lit' - All subshaders removed
WARNING: Shader Did you use #pragma only_renderers and omit this platform?
WARNING: Shader If subshaders removal was intentional, you may have forgotten turning Fallback off?
Refreshing native plugins compatible for Editor in 5.21 ms, found 7 plugins.
Preloading 2 native plugins for Editor in 0.28 ms.
Unloading 44 Unused Serialized files (Serialized files now loaded: 0)
Unloading 6875 unused Assets / (6.8 MB). Loaded Objects now: 7685.
Memory consumption went from 162.4 MB to 155.7 MB.
Total: 11.668100 ms (FindLiveObjects: 0.803600 ms CreateObjectMapping: 0.593700 ms MarkObjects: 6.212500 ms  DeleteObjects: 4.057500 ms)

Prepare: number of updated asset objects reloaded= 0
========================================================================
Received Import Request.
  Time since last request: 602.720790 seconds.
  path: Assets/Image Targets/marker.jpeg
  artifactKey: Guid(268d78eaff33dfe4199470e7590c5b49) Importer(815301076,1909f56bfc062723c751e8b465ee728b)
Start importing Assets/Image Targets/marker.jpeg using Guid(268d78eaff33dfe4199470e7590c5b49) Importer(815301076,1909f56bfc062723c751e8b465ee728b) (PreviewImporter) -> (artifact id: '7353f73a0ab5fb54de2673842b691bc7') in 0.07512 seconds
Number of updated asset objects reloaded before import = 0Number of asset objects unloaded after import = 2

========================================================================
Received Import Request.
  Time since last request: 7.671114 seconds.
  path: Assets/Image Targets/marker.jpeg
  artifactKey: Guid(268d78eaff33dfe4199470e7590c5b49) Importer(815301076,1909f56bfc062723c751e8b465ee728b)
Start importing Assets/Image Targets/marker.jpeg using Guid(268d78eaff33dfe4199470e7590c5b49) Importer(815301076,1909f56bfc062723c751e8b465ee728b) (PreviewImporter) -> (artifact id: 'ed8b2eae38837bcca10841ce09f1a279') in 0.0292343 seconds
Number of updated asset objects reloaded before import = 0Number of asset objects unloaded after import = 2

========================================================================
Received Prepare
Begin MonoManager ReloadAssembly
[Licensing::Client] Successfully resolved entitlement details
Symbol file LoadedFromMemory is not a mono symbol file
- Loaded All Assemblies, in  1.132 seconds
Refreshing native plugins compatible for Editor in 5.54 ms, found 7 plugins.
Native extension for UWP target not found
Native extension for WindowsStandalone target not found
[Package Manager] Failed to launch server process. Reason: Unity was launched with the -noUpm command-line argument
[Package Manager] Unable to send message (not connected to server process).
[Package Manager] Cannot connect to Unity Package Manager local server
[Package Manager] Failed to launch server process. Reason: Unity was launched with the -noUpm command-line argument
[Package Manager] Unable to send message (not connected to server process).
[Package Manager] Cannot connect to Unity Package Manager local server
ScheduleIndexationOnStartup MainProcess:False IndexOnStartup:True
Mono: successfully reloaded assembly
- Finished resetting the current domain, in  0.907 seconds
Domain Reload Profiling: 2031ms
	BeginReloadAssembly (265ms)
		ExecutionOrderSort (0ms)
		DisableScriptedObjects (13ms)
		BackupInstance (0ms)
		ReleaseScriptingObjects (0ms)
		CreateAndSetChildDomain (59ms)
	RebuildCommonClasses (51ms)
	RebuildNativeTypeToScriptingClass (16ms)
	initialDomainReloadingComplete (79ms)
	LoadAllAssembliesAndSetupDomain (713ms)
		LoadAssemblies (525ms)
		RebuildTransferFunctionScriptingTraits (0ms)
		AnalyzeDomain (317ms)
			TypeCache.Refresh (10ms)
				TypeCache.ScanAssembly (0ms)
			BuildScriptInfoCaches (287ms)
			ResolveRequiredComponents (13ms)
	FinalizeReload (907ms)
		ReleaseScriptCaches (0ms)
		RebuildScriptCaches (0ms)
		SetupLoadedEditorAssemblies (760ms)
			LogAssemblyErrors (0ms)
			InitializePlatformSupportModulesInManaged (2ms)
			SetLoadedEditorAssemblies (4ms)
			BeforeProcessingInitializeOnLoad (185ms)
			ProcessInitializeOnLoadAttributes (458ms)
			ProcessInitializeOnLoadMethodAttributes (97ms)
			AfterProcessingInitializeOnLoad (13ms)
			EditorAssembliesLoaded (1ms)
		ExecutionOrderSort2 (0ms)
		AwakeInstancesAfterBackupRestoration (8ms)
WARNING: Shader Unsupported: 'Hidden/Universal Render Pipeline/Terrain/Lit (Base Pass)' - All subshaders removed
WARNING: Shader Did you use #pragma only_renderers and omit this platform?
WARNING: Shader If subshaders removal was intentional, you may have forgotten turning Fallback off?
WARNING: Shader Unsupported: 'Hidden/Universal Render Pipeline/Terrain/Lit (Base Pass)' - All subshaders removed
WARNING: Shader Did you use #pragma only_renderers and omit this platform?
WARNING: Shader If subshaders removal was intentional, you may have forgotten turning Fallback off?
WARNING: Shader Unsupported: 'Universal Render Pipeline/Terrain/Lit' - All subshaders removed
WARNING: Shader Did you use #pragma only_renderers and omit this platform?
WARNING: Shader If subshaders removal was intentional, you may have forgotten turning Fallback off?
WARNING: Shader Unsupported: 'Universal Render Pipeline/Terrain/Lit' - All subshaders removed
WARNING: Shader Did you use #pragma only_renderers and omit this platform?
WARNING: Shader If subshaders removal was intentional, you may have forgotten turning Fallback off?
Refreshing native plugins compatible for Editor in 6.34 ms, found 7 plugins.
Preloading 2 native plugins for Editor in 0.17 ms.
Unloading 44 Unused Serialized files (Serialized files now loaded: 0)
Unloading 6875 unused Assets / (6.4 MB). Loaded Objects now: 7688.
Memory consumption went from 162.4 MB to 156.1 MB.
Total: 12.036100 ms (FindLiveObjects: 0.828000 ms CreateObjectMapping: 0.681900 ms MarkObjects: 6.471900 ms  DeleteObjects: 4.053200 ms)

Prepare: number of updated asset objects reloaded= 0
========================================================================
Received Prepare
Begin MonoManager ReloadAssembly
[Licensing::Client] Successfully resolved entitlement details
Symbol file LoadedFromMemory is not a mono symbol file
- Loaded All Assemblies, in  1.110 seconds
Refreshing native plugins compatible for Editor in 7.37 ms, found 7 plugins.
Native extension for UWP target not found
Native extension for WindowsStandalone target not found
[Package Manager] Failed to launch server process. Reason: Unity was launched with the -noUpm command-line argument
[Package Manager] Unable to send message (not connected to server process).
[Package Manager] Cannot connect to Unity Package Manager local server
[Package Manager] Failed to launch server process. Reason: Unity was launched with the -noUpm command-line argument
[Package Manager] Unable to send message (not connected to server process).
[Package Manager] Cannot connect to Unity Package Manager local server
ScheduleIndexationOnStartup MainProcess:False IndexOnStartup:True
Mono: successfully reloaded assembly
- Finished resetting the current domain, in  0.945 seconds
Domain Reload Profiling: 2049ms
	BeginReloadAssembly (286ms)
		ExecutionOrderSort (0ms)
		DisableScriptedObjects (11ms)
		BackupInstance (0ms)
		ReleaseScriptingObjects (0ms)
		CreateAndSetChildDomain (69ms)
	RebuildCommonClasses (49ms)
	RebuildNativeTypeToScriptingClass (15ms)
	initialDomainReloadingComplete (50ms)
	LoadAllAssembliesAndSetupDomain (703ms)
		LoadAssemblies (539ms)
		RebuildTransferFunctionScriptingTraits (0ms)
		AnalyzeDomain (299ms)
			TypeCache.Refresh (14ms)
				TypeCache.ScanAssembly (0ms)
			BuildScriptInfoCaches (269ms)
			ResolveRequiredComponents (10ms)
	FinalizeReload (945ms)
		ReleaseScriptCaches (0ms)
		RebuildScriptCaches (0ms)
		SetupLoadedEditorAssemblies (779ms)
			LogAssemblyErrors (0ms)
			InitializePlatformSupportModulesInManaged (2ms)
			SetLoadedEditorAssemblies (4ms)
			BeforeProcessingInitializeOnLoad (200ms)
			ProcessInitializeOnLoadAttributes (460ms)
			ProcessInitializeOnLoadMethodAttributes (98ms)
			AfterProcessingInitializeOnLoad (14ms)
			EditorAssembliesLoaded (1ms)
		ExecutionOrderSort2 (0ms)
		AwakeInstancesAfterBackupRestoration (8ms)
WARNING: Shader Unsupported: 'Hidden/Universal Render Pipeline/Terrain/Lit (Base Pass)' - All subshaders removed
WARNING: Shader Did you use #pragma only_renderers and omit this platform?
WARNING: Shader If subshaders removal was intentional, you may have forgotten turning Fallback off?
WARNING: Shader Unsupported: 'Hidden/Universal Render Pipeline/Terrain/Lit (Base Pass)' - All subshaders removed
WARNING: Shader Did you use #pragma only_renderers and omit this platform?
WARNING: Shader If subshaders removal was intentional, you may have forgotten turning Fallback off?
WARNING: Shader Unsupported: 'Universal Render Pipeline/Terrain/Lit' - All subshaders removed
WARNING: Shader Did you use #pragma only_renderers and omit this platform?
WARNING: Shader If subshaders removal was intentional, you may have forgotten turning Fallback off?
WARNING: Shader Unsupported: 'Universal Render Pipeline/Terrain/Lit' - All subshaders removed
WARNING: Shader Did you use #pragma only_renderers and omit this platform?
WARNING: Shader If subshaders removal was intentional, you may have forgotten turning Fallback off?
Refreshing native plugins compatible for Editor in 5.37 ms, found 7 plugins.
Preloading 2 native plugins for Editor in 0.18 ms.
Unloading 44 Unused Serialized files (Serialized files now loaded: 0)
Unloading 6875 unused Assets / (7.3 MB). Loaded Objects now: 7691.
Memory consumption went from 164.8 MB to 157.5 MB.
Total: 14.748200 ms (FindLiveObjects: 0.981500 ms CreateObjectMapping: 1.959700 ms MarkObjects: 7.654900 ms  DeleteObjects: 4.150600 ms)

Prepare: number of updated asset objects reloaded= 0
========================================================================
Received Prepare
Begin MonoManager ReloadAssembly
[Licensing::Client] Successfully resolved entitlement details
Symbol file LoadedFromMemory is not a mono symbol file
- Loaded All Assemblies, in  1.137 seconds
Refreshing native plugins compatible for Editor in 7.15 ms, found 7 plugins.
Native extension for UWP target not found
Native extension for WindowsStandalone target not found
[Package Manager] Failed to launch server process. Reason: Unity was launched with the -noUpm command-line argument
[Package Manager] Unable to send message (not connected to server process).
[Package Manager] Cannot connect to Unity Package Manager local server
[Package Manager] Failed to launch server process. Reason: Unity was launched with the -noUpm command-line argument
[Package Manager] Unable to send message (not connected to server process).
[Package Manager] Cannot connect to Unity Package Manager local server
ScheduleIndexationOnStartup MainProcess:False IndexOnStartup:True
Mono: successfully reloaded assembly
- Finished resetting the current domain, in  0.954 seconds
Domain Reload Profiling: 2086ms
	BeginReloadAssembly (287ms)
		ExecutionOrderSort (0ms)
		DisableScriptedObjects (13ms)
		BackupInstance (0ms)
		ReleaseScriptingObjects (0ms)
		CreateAndSetChildDomain (60ms)
	RebuildCommonClasses (61ms)
	RebuildNativeTypeToScriptingClass (24ms)
	initialDomainReloadingComplete (57ms)
	LoadAllAssembliesAndSetupDomain (703ms)
		LoadAssemblies (538ms)
		RebuildTransferFunctionScriptingTraits (0ms)
		AnalyzeDomain (310ms)
			TypeCache.Refresh (8ms)
				TypeCache.ScanAssembly (0ms)
			BuildScriptInfoCaches (281ms)
			ResolveRequiredComponents (14ms)
	FinalizeReload (954ms)
		ReleaseScriptCaches (0ms)
		RebuildScriptCaches (0ms)
		SetupLoadedEditorAssemblies (760ms)
			LogAssemblyErrors (0ms)
			InitializePlatformSupportModulesInManaged (2ms)
			SetLoadedEditorAssemblies (4ms)
			BeforeProcessingInitializeOnLoad (189ms)
			ProcessInitializeOnLoadAttributes (466ms)
			ProcessInitializeOnLoadMethodAttributes (89ms)
			AfterProcessingInitializeOnLoad (10ms)
			EditorAssembliesLoaded (1ms)
		ExecutionOrderSort2 (0ms)
		AwakeInstancesAfterBackupRestoration (8ms)
WARNING: Shader Unsupported: 'Hidden/Universal Render Pipeline/Terrain/Lit (Base Pass)' - All subshaders removed
WARNING: Shader Did you use #pragma only_renderers and omit this platform?
WARNING: Shader If subshaders removal was intentional, you may have forgotten turning Fallback off?
WARNING: Shader Unsupported: 'Hidden/Universal Render Pipeline/Terrain/Lit (Base Pass)' - All subshaders removed
WARNING: Shader Did you use #pragma only_renderers and omit this platform?
WARNING: Shader If subshaders removal was intentional, you may have forgotten turning Fallback off?
WARNING: Shader Unsupported: 'Universal Render Pipeline/Terrain/Lit' - All subshaders removed
WARNING: Shader Did you use #pragma only_renderers and omit this platform?
WARNING: Shader If subshaders removal was intentional, you may have forgotten turning Fallback off?
WARNING: Shader Unsupported: 'Universal Render Pipeline/Terrain/Lit' - All subshaders removed
WARNING: Shader Did you use #pragma only_renderers and omit this platform?
WARNING: Shader If subshaders removal was intentional, you may have forgotten turning Fallback off?
Refreshing native plugins compatible for Editor in 6.08 ms, found 7 plugins.
Preloading 2 native plugins for Editor in 0.21 ms.
Unloading 44 Unused Serialized files (Serialized files now loaded: 0)
Unloading 6875 unused Assets / (7.1 MB). Loaded Objects now: 7694.
Memory consumption went from 165.2 MB to 158.0 MB.
Total: 15.064200 ms (FindLiveObjects: 1.138400 ms CreateObjectMapping: 1.069700 ms MarkObjects: 8.279600 ms  DeleteObjects: 4.574800 ms)

Prepare: number of updated asset objects reloaded= 0
========================================================================
Received Import Request.
  Time since last request: 406.307851 seconds.
  path: Assets/Image Targets/canvas.png
  artifactKey: Guid(d075ef00cf1259145a928ca16f09aaf0) Importer(815301076,1909f56bfc062723c751e8b465ee728b)
Start importing Assets/Image Targets/canvas.png using Guid(d075ef00cf1259145a928ca16f09aaf0) Importer(815301076,1909f56bfc062723c751e8b465ee728b) (PreviewImporter) -> (artifact id: 'a2acb664e54eaeec665d785ab497d3f9') in 0.0799391 seconds
Number of updated asset objects reloaded before import = 0Number of asset objects unloaded after import = 2

========================================================================
Received Import Request.
  Time since last request: 3.616908 seconds.
  path: Assets/Image Targets/latest.png
  artifactKey: Guid(9b5fc9353d5216141911298b27807a85) Importer(2089858483,b0f066a214c2f5e87bad3c948f4d605d)
Start importing Assets/Image Targets/latest.png using Guid(9b5fc9353d5216141911298b27807a85) Importer(2089858483,b0f066a214c2f5e87bad3c948f4d605d) (ScriptedImporter) -> (artifact id: '66e9bd831433ec6a5a5691adf965efba') in 0.1990451 seconds
Number of updated asset objects reloaded before import = 0Number of asset objects unloaded after import = 1

========================================================================
Received Import Request.
  Time since last request: 0.000035 seconds.
  path: Assets/Image Targets/canvas.png
  artifactKey: Guid(d075ef00cf1259145a928ca16f09aaf0) Importer(2089858483,b0f066a214c2f5e87bad3c948f4d605d)
Start importing Assets/Image Targets/canvas.png using Guid(d075ef00cf1259145a928ca16f09aaf0) Importer(2089858483,b0f066a214c2f5e87bad3c948f4d605d) (ScriptedImporter) -> (artifact id: 'f34631cc7c5bde22da602926305c6a1a') in 0.029381 seconds
Number of updated asset objects reloaded before import = 0Number of asset objects unloaded after import = 1

========================================================================
Received Import Request.
  Time since last request: 2.844265 seconds.
  path: Assets/Image Targets/Cactus AR Image.jpeg
  artifactKey: Guid(268d78eaff33dfe4199470e7590c5b49) Importer(815301076,1909f56bfc062723c751e8b465ee728b)
Start importing Assets/Image Targets/Cactus AR Image.jpeg using Guid(268d78eaff33dfe4199470e7590c5b49) Importer(815301076,1909f56bfc062723c751e8b465ee728b) (PreviewImporter) -> (artifact id: '2f59267038bb05d6ea98ab20caf829aa') in 0.0294172 seconds
Number of updated asset objects reloaded before import = 0Number of asset objects unloaded after import = 2

========================================================================
Received Import Request.
  Time since last request: 0.917190 seconds.
  path: Assets/Image Targets/Cactus AR Image.jpeg
  artifactKey: Guid(268d78eaff33dfe4199470e7590c5b49) Importer(2089858483,b0f066a214c2f5e87bad3c948f4d605d)
Start importing Assets/Image Targets/Cactus AR Image.jpeg using Guid(268d78eaff33dfe4199470e7590c5b49) Importer(2089858483,b0f066a214c2f5e87bad3c948f4d605d) (ScriptedImporter) -> (artifact id: 'b3562a08365e19decfabe3ac0d6396c6') in 0.0404361 seconds
Number of updated asset objects reloaded before import = 0Number of asset objects unloaded after import = 1

========================================================================
Received Import Request.
  Time since last request: 8.943151 seconds.
  path: Assets/Image Targets/Zombie AR Image.png
  artifactKey: Guid(d075ef00cf1259145a928ca16f09aaf0) Importer(815301076,1909f56bfc062723c751e8b465ee728b)
Start importing Assets/Image Targets/Zombie AR Image.png using Guid(d075ef00cf1259145a928ca16f09aaf0) Importer(815301076,1909f56bfc062723c751e8b465ee728b) (PreviewImporter) -> (artifact id: 'c4a04cd34777a2fdff50424f8e6d8fe7') in 0.0214056 seconds
Number of updated asset objects reloaded before import = 0Number of asset objects unloaded after import = 2

========================================================================
Received Import Request.
  Time since last request: 0.926182 seconds.
  path: Assets/Image Targets/Zombie AR Image.png
  artifactKey: Guid(d075ef00cf1259145a928ca16f09aaf0) Importer(2089858483,b0f066a214c2f5e87bad3c948f4d605d)
Start importing Assets/Image Targets/Zombie AR Image.png using Guid(d075ef00cf1259145a928ca16f09aaf0) Importer(2089858483,b0f066a214c2f5e87bad3c948f4d605d) (ScriptedImporter) -> (artifact id: '749d5c116cb218d2d1ba297a71db93c2') in 0.0386798 seconds
Number of updated asset objects reloaded before import = 0Number of asset objects unloaded after import = 1

========================================================================
Received Import Request.
  Time since last request: 21.351515 seconds.
  path: Assets/Image Targets/Zombie AR Image.png
  artifactKey: Guid(d075ef00cf1259145a928ca16f09aaf0) Importer(815301076,1909f56bfc062723c751e8b465ee728b)
Start importing Assets/Image Targets/Zombie AR Image.png using Guid(d075ef00cf1259145a928ca16f09aaf0) Importer(815301076,1909f56bfc062723c751e8b465ee728b) (PreviewImporter) -> (artifact id: '4f5f263049318b0ad2deaad1ed1bdb00') in 0.0362236 seconds
Number of updated asset objects reloaded before import = 0Number of asset objects unloaded after import = 2

========================================================================
Received Import Request.
  Time since last request: 0.906382 seconds.
  path: Assets/Image Targets/Zombie AR Image.png
  artifactKey: Guid(d075ef00cf1259145a928ca16f09aaf0) Importer(2089858483,b0f066a214c2f5e87bad3c948f4d605d)
Start importing Assets/Image Targets/Zombie AR Image.png using Guid(d075ef00cf1259145a928ca16f09aaf0) Importer(2089858483,b0f066a214c2f5e87bad3c948f4d605d) (ScriptedImporter) -> (artifact id: 'cd3ee870ab2b6b44753e22d42ffbf75b') in 0.0260838 seconds
Number of updated asset objects reloaded before import = 0Number of asset objects unloaded after import = 1

========================================================================
Received Import Request.
  Time since last request: 45.435787 seconds.
  path: Assets/Models/Kevin Iglesias/Zombie Animations/Model
  artifactKey: Guid(8cb293e1d8bcf2b408d17d9877a36907) Importer(815301076,1909f56bfc062723c751e8b465ee728b)
Start importing Assets/Models/Kevin Iglesias/Zombie Animations/Model using Guid(8cb293e1d8bcf2b408d17d9877a36907) Importer(815301076,1909f56bfc062723c751e8b465ee728b) (PreviewImporter) -> (artifact id: '9064c201953ae97f92947165e86dd54c') in 0.001088 seconds
Number of updated asset objects reloaded before import = 0Number of asset objects unloaded after import = 0

========================================================================
Received Import Request.
  Time since last request: 4.312358 seconds.
  path: Assets/Models/Kevin Iglesias/Zombie Animations/Prefabs
  artifactKey: Guid(bd2c485df729ed146b781ce3456b170f) Importer(815301076,1909f56bfc062723c751e8b465ee728b)
Start importing Assets/Models/Kevin Iglesias/Zombie Animations/Prefabs using Guid(bd2c485df729ed146b781ce3456b170f) Importer(815301076,1909f56bfc062723c751e8b465ee728b) (PreviewImporter) -> (artifact id: '64475f10d1b7887cf6c4dc0847efac96') in 0.0010815 seconds
Number of updated asset objects reloaded before import = 0Number of asset objects unloaded after import = 0

========================================================================
Received Prepare
Begin MonoManager ReloadAssembly
[Licensing::Client] Successfully resolved entitlement details
Symbol file LoadedFromMemory is not a mono symbol file
- Loaded All Assemblies, in  1.143 seconds
Refreshing native plugins compatible for Editor in 5.15 ms, found 7 plugins.
Native extension for UWP target not found
Native extension for WindowsStandalone target not found
[Package Manager] Failed to launch server process. Reason: Unity was launched with the -noUpm command-line argument
[Package Manager] Unable to send message (not connected to server process).
[Package Manager] Cannot connect to Unity Package Manager local server
[Package Manager] Failed to launch server process. Reason: Unity was launched with the -noUpm command-line argument
[Package Manager] Unable to send message (not connected to server process).
[Package Manager] Cannot connect to Unity Package Manager local server
ScheduleIndexationOnStartup MainProcess:False IndexOnStartup:True
Mono: successfully reloaded assembly
- Finished resetting the current domain, in  0.952 seconds
Domain Reload Profiling: 2091ms
	BeginReloadAssembly (277ms)
		ExecutionOrderSort (0ms)
		DisableScriptedObjects (11ms)
		BackupInstance (0ms)
		ReleaseScriptingObjects (0ms)
		CreateAndSetChildDomain (60ms)
	RebuildCommonClasses (53ms)
	RebuildNativeTypeToScriptingClass (15ms)
	initialDomainReloadingComplete (46ms)
	LoadAllAssembliesAndSetupDomain (747ms)
		LoadAssemblies (559ms)
		RebuildTransferFunctionScriptingTraits (0ms)
		AnalyzeDomain (334ms)
			TypeCache.Refresh (11ms)
				TypeCache.ScanAssembly (0ms)
			BuildScriptInfoCaches (303ms)
			ResolveRequiredComponents (13ms)
	FinalizeReload (953ms)
		ReleaseScriptCaches (0ms)
		RebuildScriptCaches (0ms)
		SetupLoadedEditorAssemblies (778ms)
			LogAssemblyErrors (0ms)
			InitializePlatformSupportModulesInManaged (2ms)
			SetLoadedEditorAssemblies (5ms)
			BeforeProcessingInitializeOnLoad (215ms)
			ProcessInitializeOnLoadAttributes (443ms)
			ProcessInitializeOnLoadMethodAttributes (101ms)
			AfterProcessingInitializeOnLoad (11ms)
			EditorAssembliesLoaded (1ms)
		ExecutionOrderSort2 (0ms)
		AwakeInstancesAfterBackupRestoration (8ms)
WARNING: Shader Unsupported: 'Hidden/Universal Render Pipeline/Terrain/Lit (Base Pass)' - All subshaders removed
WARNING: Shader Did you use #pragma only_renderers and omit this platform?
WARNING: Shader If subshaders removal was intentional, you may have forgotten turning Fallback off?
WARNING: Shader Unsupported: 'Hidden/Universal Render Pipeline/Terrain/Lit (Base Pass)' - All subshaders removed
WARNING: Shader Did you use #pragma only_renderers and omit this platform?
WARNING: Shader If subshaders removal was intentional, you may have forgotten turning Fallback off?
WARNING: Shader Unsupported: 'Universal Render Pipeline/Terrain/Lit' - All subshaders removed
WARNING: Shader Did you use #pragma only_renderers and omit this platform?
WARNING: Shader If subshaders removal was intentional, you may have forgotten turning Fallback off?
WARNING: Shader Unsupported: 'Universal Render Pipeline/Terrain/Lit' - All subshaders removed
WARNING: Shader Did you use #pragma only_renderers and omit this platform?
WARNING: Shader If subshaders removal was intentional, you may have forgotten turning Fallback off?
Refreshing native plugins compatible for Editor in 6.94 ms, found 7 plugins.
Preloading 2 native plugins for Editor in 0.24 ms.
Unloading 44 Unused Serialized files (Serialized files now loaded: 0)
Unloading 6875 unused Assets / (7.0 MB). Loaded Objects now: 7697.
Memory consumption went from 164.4 MB to 157.4 MB.
Total: 14.819300 ms (FindLiveObjects: 1.412600 ms CreateObjectMapping: 1.067700 ms MarkObjects: 7.366000 ms  DeleteObjects: 4.971600 ms)

Prepare: number of updated asset objects reloaded= 0
========================================================================
Received Import Request.
  Time since last request: 17892.462519 seconds.
  path: Assets/Models/Kevin Iglesias/Zombie Animations/AnimatorControllers
  artifactKey: Guid(fb1cb3c394c25264f977bf244205bf87) Importer(815301076,1909f56bfc062723c751e8b465ee728b)
Start importing Assets/Models/Kevin Iglesias/Zombie Animations/AnimatorControllers using Guid(fb1cb3c394c25264f977bf244205bf87) Importer(815301076,1909f56bfc062723c751e8b465ee728b) (PreviewImporter) -> (artifact id: 'd76364da0d0413f26a9ebf13f00d4679') in 0.0110318 seconds
Number of updated asset objects reloaded before import = 0Number of asset objects unloaded after import = 0

========================================================================
Received Import Request.
  Time since last request: 69.818943 seconds.
  path: Assets/Models/Animation Controllers
  artifactKey: Guid(e8afe37b4fe289f4f92545b3d5e579f7) Importer(815301076,1909f56bfc062723c751e8b465ee728b)
Start importing Assets/Models/Animation Controllers using Guid(e8afe37b4fe289f4f92545b3d5e579f7) Importer(815301076,1909f56bfc062723c751e8b465ee728b) (PreviewImporter) -> (artifact id: 'e1449fba887a355e744eb42c5d39ae85') in 0.0015323 seconds
Number of updated asset objects reloaded before import = 0Number of asset objects unloaded after import = 0

========================================================================
Received Import Request.
  Time since last request: 14.632492 seconds.
  path: Assets/Models/Animation Controllers
  artifactKey: Guid(e8afe37b4fe289f4f92545b3d5e579f7) Importer(2089858483,b0f066a214c2f5e87bad3c948f4d605d)
Start importing Assets/Models/Animation Controllers using Guid(e8afe37b4fe289f4f92545b3d5e579f7) Importer(2089858483,b0f066a214c2f5e87bad3c948f4d605d) (ScriptedImporter) -> (artifact id: '9f63994dfac20aa94dffe1e85355c6c9') in 0.1063659 seconds
Number of updated asset objects reloaded before import = 0Number of asset objects unloaded after import = 1

========================================================================
Received Import Request.
  Time since last request: 7.850749 seconds.
  path: Assets/Models/Animation Controllers/Cactus Animation Controller.controller
  artifactKey: Guid(34e508d1fa5e7da429cda00846559dcf) Importer(815301076,1909f56bfc062723c751e8b465ee728b)
Start importing Assets/Models/Animation Controllers/Cactus Animation Controller.controller using Guid(34e508d1fa5e7da429cda00846559dcf) Importer(815301076,1909f56bfc062723c751e8b465ee728b) (PreviewImporter) -> (artifact id: '0d32a4715e299c0e22b8acfd78a201b0') in 0.0207976 seconds
Number of updated asset objects reloaded before import = 0Number of asset objects unloaded after import = 1

========================================================================
Received Import Request.
  Time since last request: 1.029554 seconds.
  path: Assets/Models/Animation Controllers/Cactus Animation Controller.controller
  artifactKey: Guid(34e508d1fa5e7da429cda00846559dcf) Importer(2089858483,b0f066a214c2f5e87bad3c948f4d605d)
Start importing Assets/Models/Animation Controllers/Cactus Animation Controller.controller using Guid(34e508d1fa5e7da429cda00846559dcf) Importer(2089858483,b0f066a214c2f5e87bad3c948f4d605d) (ScriptedImporter) -> (artifact id: 'a037fccead7e7b611c7c5ac0d0c16e82') in 0.1187319 seconds
Number of updated asset objects reloaded before import = 0Number of asset objects unloaded after import = 1

========================================================================
Received Import Request.
  Time since last request: 25.001870 seconds.
  path: Assets/Models/Animation Controllers/Zombie Animation Controller.controller
  artifactKey: Guid(78fc1f6c14eac95478147132057f2382) Importer(815301076,1909f56bfc062723c751e8b465ee728b)
Start importing Assets/Models/Animation Controllers/Zombie Animation Controller.controller using Guid(78fc1f6c14eac95478147132057f2382) Importer(815301076,1909f56bfc062723c751e8b465ee728b) (PreviewImporter) -> (artifact id: 'c60cb4fead4424af8028a877b3e8e552') in 0.00169 seconds
Number of updated asset objects reloaded before import = 0Number of asset objects unloaded after import = 1

========================================================================
Received Import Request.
  Time since last request: 0.952935 seconds.
  path: Assets/Models/Animation Controllers/Zombie Animation Controller.controller
  artifactKey: Guid(78fc1f6c14eac95478147132057f2382) Importer(2089858483,b0f066a214c2f5e87bad3c948f4d605d)
Start importing Assets/Models/Animation Controllers/Zombie Animation Controller.controller using Guid(78fc1f6c14eac95478147132057f2382) Importer(2089858483,b0f066a214c2f5e87bad3c948f4d605d) (ScriptedImporter) -> (artifact id: 'b1f07a878a8daf3fbfd0d28bdb5bf836') in 0.0302582 seconds
Number of updated asset objects reloaded before import = 0Number of asset objects unloaded after import = 1

========================================================================
Received Import Request.
  Time since last request: 72.625514 seconds.
  path: Assets/Models/Kevin Iglesias/Zombie Animations/Animations
  artifactKey: Guid(fe5a7f0fd33479147bf872dee59c77a0) Importer(815301076,1909f56bfc062723c751e8b465ee728b)
Start importing Assets/Models/Kevin Iglesias/Zombie Animations/Animations using Guid(fe5a7f0fd33479147bf872dee59c77a0) Importer(815301076,1909f56bfc062723c751e8b465ee728b) (PreviewImporter) -> (artifact id: '06e0a54b97b8428d5caf819cbfac5b3d') in 0.0018294 seconds
Number of updated asset objects reloaded before import = 0Number of asset objects unloaded after import = 0

========================================================================
Received Import Request.
  Time since last request: 1.942892 seconds.
  path: Assets/Models/Kevin Iglesias/Zombie Animations/Animations/Zombie@Idle01.fbx
  artifactKey: Guid(d47b04075336bf94fb3053d613517fc5) Importer(815301076,1909f56bfc062723c751e8b465ee728b)
Start importing Assets/Models/Kevin Iglesias/Zombie Animations/Animations/Zombie@Idle01.fbx using Guid(d47b04075336bf94fb3053d613517fc5) Importer(815301076,1909f56bfc062723c751e8b465ee728b) (PreviewImporter) -> (artifact id: '57bde198568f998d2607f000140cc0f7') in 0.024179 seconds
Number of updated asset objects reloaded before import = 0Number of asset objects unloaded after import = 131

========================================================================
Received Prepare
Begin MonoManager ReloadAssembly
[Licensing::Client] Successfully resolved entitlement details
Symbol file LoadedFromMemory is not a mono symbol file
- Loaded All Assemblies, in  1.153 seconds
Refreshing native plugins compatible for Editor in 7.08 ms, found 7 plugins.
Native extension for UWP target not found
Native extension for WindowsStandalone target not found
[Package Manager] Failed to launch server process. Reason: Unity was launched with the -noUpm command-line argument
[Package Manager] Unable to send message (not connected to server process).
[Package Manager] Cannot connect to Unity Package Manager local server
[Package Manager] Failed to launch server process. Reason: Unity was launched with the -noUpm command-line argument
[Package Manager] Unable to send message (not connected to server process).
[Package Manager] Cannot connect to Unity Package Manager local server
ScheduleIndexationOnStartup MainProcess:False IndexOnStartup:True
Mono: successfully reloaded assembly
- Finished resetting the current domain, in  0.915 seconds
Domain Reload Profiling: 2064ms
	BeginReloadAssembly (269ms)
		ExecutionOrderSort (0ms)
		DisableScriptedObjects (8ms)
		BackupInstance (0ms)
		ReleaseScriptingObjects (0ms)
		CreateAndSetChildDomain (60ms)
	RebuildCommonClasses (52ms)
	RebuildNativeTypeToScriptingClass (19ms)
	initialDomainReloadingComplete (49ms)
	LoadAllAssembliesAndSetupDomain (759ms)
		LoadAssemblies (564ms)
		RebuildTransferFunctionScriptingTraits (0ms)
		AnalyzeDomain (334ms)
			TypeCache.Refresh (11ms)
				TypeCache.ScanAssembly (0ms)
			BuildScriptInfoCaches (302ms)
			ResolveRequiredComponents (15ms)
	FinalizeReload (916ms)
		ReleaseScriptCaches (0ms)
		RebuildScriptCaches (0ms)
		SetupLoadedEditorAssemblies (746ms)
			LogAssemblyErrors (0ms)
			InitializePlatformSupportModulesInManaged (3ms)
			SetLoadedEditorAssemblies (5ms)
			BeforeProcessingInitializeOnLoad (201ms)
			ProcessInitializeOnLoadAttributes (442ms)
			ProcessInitializeOnLoadMethodAttributes (84ms)
			AfterProcessingInitializeOnLoad (10ms)
			EditorAssembliesLoaded (1ms)
		ExecutionOrderSort2 (0ms)
		AwakeInstancesAfterBackupRestoration (7ms)
WARNING: Shader Unsupported: 'Hidden/Universal Render Pipeline/Terrain/Lit (Base Pass)' - All subshaders removed
WARNING: Shader Did you use #pragma only_renderers and omit this platform?
WARNING: Shader If subshaders removal was intentional, you may have forgotten turning Fallback off?
WARNING: Shader Unsupported: 'Hidden/Universal Render Pipeline/Terrain/Lit (Base Pass)' - All subshaders removed
WARNING: Shader Did you use #pragma only_renderers and omit this platform?
WARNING: Shader If subshaders removal was intentional, you may have forgotten turning Fallback off?
WARNING: Shader Unsupported: 'Universal Render Pipeline/Terrain/Lit' - All subshaders removed
WARNING: Shader Did you use #pragma only_renderers and omit this platform?
WARNING: Shader If subshaders removal was intentional, you may have forgotten turning Fallback off?
WARNING: Shader Unsupported: 'Universal Render Pipeline/Terrain/Lit' - All subshaders removed
WARNING: Shader Did you use #pragma only_renderers and omit this platform?
WARNING: Shader If subshaders removal was intentional, you may have forgotten turning Fallback off?
Refreshing native plugins compatible for Editor in 7.28 ms, found 7 plugins.
Preloading 2 native plugins for Editor in 0.22 ms.
Unloading 44 Unused Serialized files (Serialized files now loaded: 0)
Unloading 6875 unused Assets / (6.8 MB). Loaded Objects now: 7700.
Memory consumption went from 164.4 MB to 157.6 MB.
Total: 15.777600 ms (FindLiveObjects: 1.156600 ms CreateObjectMapping: 0.947900 ms MarkObjects: 9.513700 ms  DeleteObjects: 4.158100 ms)

Prepare: number of updated asset objects reloaded= 0
========================================================================
Received Prepare
Begin MonoManager ReloadAssembly
[Licensing::Client] Successfully resolved entitlement details
Symbol file LoadedFromMemory is not a mono symbol file
- Loaded All Assemblies, in  1.099 seconds
Refreshing native plugins compatible for Editor in 6.74 ms, found 7 plugins.
Native extension for UWP target not found
Native extension for WindowsStandalone target not found
[Package Manager] Failed to launch server process. Reason: Unity was launched with the -noUpm command-line argument
[Package Manager] Unable to send message (not connected to server process).
[Package Manager] Cannot connect to Unity Package Manager local server
[Package Manager] Failed to launch server process. Reason: Unity was launched with the -noUpm command-line argument
[Package Manager] Unable to send message (not connected to server process).
[Package Manager] Cannot connect to Unity Package Manager local server
ScheduleIndexationOnStartup MainProcess:False IndexOnStartup:True
Mono: successfully reloaded assembly
- Finished resetting the current domain, in  0.908 seconds
Domain Reload Profiling: 2003ms
	BeginReloadAssembly (272ms)
		ExecutionOrderSort (0ms)
		DisableScriptedObjects (12ms)
		BackupInstance (0ms)
		ReleaseScriptingObjects (0ms)
		CreateAndSetChildDomain (63ms)
	RebuildCommonClasses (43ms)
	RebuildNativeTypeToScriptingClass (17ms)
	initialDomainReloadingComplete (53ms)
	LoadAllAssembliesAndSetupDomain (710ms)
		LoadAssemblies (537ms)
		RebuildTransferFunctionScriptingTraits (0ms)
		AnalyzeDomain (308ms)
			TypeCache.Refresh (8ms)
				TypeCache.ScanAssembly (0ms)
			BuildScriptInfoCaches (277ms)
			ResolveRequiredComponents (16ms)
	FinalizeReload (909ms)
		ReleaseScriptCaches (0ms)
		RebuildScriptCaches (0ms)
		SetupLoadedEditorAssemblies (743ms)
			LogAssemblyErrors (0ms)
			InitializePlatformSupportModulesInManaged (2ms)
			SetLoadedEditorAssemblies (4ms)
			BeforeProcessingInitializeOnLoad (184ms)
			ProcessInitializeOnLoadAttributes (449ms)
			ProcessInitializeOnLoadMethodAttributes (92ms)
			AfterProcessingInitializeOnLoad (11ms)
			EditorAssembliesLoaded (1ms)
		ExecutionOrderSort2 (0ms)
		AwakeInstancesAfterBackupRestoration (8ms)
WARNING: Shader Unsupported: 'Hidden/Universal Render Pipeline/Terrain/Lit (Base Pass)' - All subshaders removed
WARNING: Shader Did you use #pragma only_renderers and omit this platform?
WARNING: Shader If subshaders removal was intentional, you may have forgotten turning Fallback off?
WARNING: Shader Unsupported: 'Hidden/Universal Render Pipeline/Terrain/Lit (Base Pass)' - All subshaders removed
WARNING: Shader Did you use #pragma only_renderers and omit this platform?
WARNING: Shader If subshaders removal was intentional, you may have forgotten turning Fallback off?
WARNING: Shader Unsupported: 'Universal Render Pipeline/Terrain/Lit' - All subshaders removed
WARNING: Shader Did you use #pragma only_renderers and omit this platform?
WARNING: Shader If subshaders removal was intentional, you may have forgotten turning Fallback off?
WARNING: Shader Unsupported: 'Universal Render Pipeline/Terrain/Lit' - All subshaders removed
WARNING: Shader Did you use #pragma only_renderers and omit this platform?
WARNING: Shader If subshaders removal was intentional, you may have forgotten turning Fallback off?
Refreshing native plugins compatible for Editor in 5.34 ms, found 7 plugins.
Preloading 2 native plugins for Editor in 0.18 ms.
Unloading 44 Unused Serialized files (Serialized files now loaded: 0)
Unloading 6875 unused Assets / (7.3 MB). Loaded Objects now: 7703.
Memory consumption went from 164.8 MB to 157.5 MB.
Total: 12.425700 ms (FindLiveObjects: 0.788700 ms CreateObjectMapping: 1.038600 ms MarkObjects: 6.640400 ms  DeleteObjects: 3.956500 ms)

Prepare: number of updated asset objects reloaded= 0
========================================================================
Received Import Request.
  Time since last request: 301.459090 seconds.
  path: Assets/Models/Animation Controllers/Zombie Animation Controller.controller
  artifactKey: Guid(78fc1f6c14eac95478147132057f2382) Importer(815301076,1909f56bfc062723c751e8b465ee728b)
Start importing Assets/Models/Animation Controllers/Zombie Animation Controller.controller using Guid(78fc1f6c14eac95478147132057f2382) Importer(815301076,1909f56bfc062723c751e8b465ee728b) (PreviewImporter) -> (artifact id: 'f8033cebcf7153205cef251d0b0a5fe7') in 0.0305878 seconds
Number of updated asset objects reloaded before import = 0Number of asset objects unloaded after import = 6

